iso_code,country,year,wue_industrial_usdpm3,wue_irrigation_usdpm3,wue_municipal_usdpm3,wue_general_usdpm3,w_agriculture,w_industry,w_munucipal,gep_water_agricultural,gep_water_industrial,gep_water_municipal
AFG,Afghanistan,2000,9.332162953,0.064653597,6.923411567,0.175511394,2e+10,128500000,154200000,1293071940,1199182939.4605,1067590063.6314
AFG,Afghanistan,2005,,,,,,169500000,203400000,,,
AFG,Afghanistan,2010,10.068360769,0.088913775,36.735080422,0.537811406,,,,,,
AFG,Afghanistan,2015,9.747750183,0.106516615,54.532904705,0.730115436,,,,,,
AGO,Angola,2000,156.660527806,0.118318017,34.109845948,58.266567162,2.1e+08,184500000,2.46e+08,24846783.57,28903867380.207,8391022103.208
AGO,Angola,2005,,,,,146700000,239600000,319500000,,,
AGO,Angola,2010,201.476728501,0.18780168,123.736668349,124.447775847,,,,,,
AGO,Angola,2015,200.889718472,0.345750052,178.810996332,149.212257589,,,,,,
ALB,Albania,2000,4.435593121,,5.177541937,,1.06e+09,227400000,550400000,,1008653875.7154,2849719082.1248
ALB,Albania,2005,,,,,517600000,231800000,561300000,,,
ALB,Albania,2010,11.930763276,1.390902464,11.948324717,6.80048027,,,,,,
ALB,Albania,2015,15.586884689,1.616140231,20.420016086,9.546636225,,,,,,
ARE,United Arab Emirates,2000,825.641699605,1.684736556,172.452139078,63.475550028,2.279e+09,111300000,513800000,3839514611.124,91893921166.0365,88605909058.2764
ARE,United Arab Emirates,2005,,,,,3.312e+09,6.9e+07,6.17e+08,,,
ARE,United Arab Emirates,2010,2556.390626017,0.731802004,90.731240678,62.306595968,,,,,,
ARE,United Arab Emirates,2015,3621.867127975,1.065033181,87.911050716,72.627032219,,,,,,
ARG,Argentina,2000,21.703816424,0.066156726,55.244032943,11.881210811,2.152e+10,3.975e+09,,1423692743.52,86272670285.4,
ARG,Argentina,2010,36.099458647,0.145607744,54.721449754,12.502065015,2.793e+10,4e+09,5.85e+09,4066824289.92,144397834588,320120481060.9
ARG,Argentina,2015,35.383082779,0.082547275,62.860607462,13.540826632,,,,,,
ARM,Armenia,2000,11.476538786,0.302624454,2.696521094,1.493308962,1.14e+09,76600000,516800000,344991877.56,879102871.0076,1393562101.3792
ARM,Armenia,2005,,,,,1.89e+09,1.25e+08,8.43e+08,,,
ARM,Armenia,2010,13.458145543,0.46144032,5.954005617,3.427960847,2.597e+09,1.01e+08,2.43e+08,1198360511.04,1359272699.843,1446823364.931
ARM,Armenia,2015,20.008888812,0.285359015,11.47688982,2.618940736,2.949e+09,1.25e+08,1.98e+08,841523735.235,2501111101.5,2272424184.36
ATG,Antigua and Barbuda,2000,78.185201998,0.798883362,174.824309541,125.705421287,,,,,,
ATG,Antigua and Barbuda,2005,,,,,1300000,1800000,5300000,,,
ATG,Antigua and Barbuda,2010,67.079286974,1.333578748,137.533899614,101.003038436,1800000,2500000,7200000,2400441.7464,167698217.435,990244077.2208
ATG,Antigua and Barbuda,2015,65.4666668,1.544666459,137.558127639,100.597007446,,,,,,
AUS,Australia,2000,,,,,1.503e+10,2.227e+09,4.443e+09,,,
AUS,Australia,2005,,,,,1.224e+10,2.332e+09,4.191e+09,,,
AUS,Australia,2010,101.684346924,0.480327723,194.696772481,72.636802625,9.587e+09,2.688e+09,3.744e+09,4604901880.401,273327524531.712,728944716168.864
AUS,Australia,2015,89.314632902,0.420539631,219.257899352,65.291196902,1.059e+10,2.768e+09,4.015e+09,4453514692.29,247222903872.736,880320465898.28
AUT,Austria,2000,27.299568393,2.342431134,293.004991801,74.955774364,1e+08,2.899e+09,668700000,234243113.4,79141448771.307,195932438017.329
AUT,Austria,2010,31.495511281,1.933962315,327.892861332,93.520179717,77100000,2.695e+09,7.2e+08,149108494.4865,84880402902.295,236082860159.04
AUT,Austria,2015,36.148659364,2.192571626,325.546955607,103.287401616,,,,,,
AZE,Azerbaijan,2000,8.106055581,0.134966024,8.661397954,0.958705137,7.595e+09,1.977e+09,5.03e+08,1025066952.28,16025671883.637,4356683170.862
AZE,Azerbaijan,2005,,,,,9.33e+09,2.36e+09,5.21e+08,,,
AZE,Azerbaijan,2010,56.819224723,0.196751071,35.836440977,3.956653412,1.01e+10,,,1987185817.1,,
AZE,Azerbaijan,2015,39.618387387,0.238533081,48.538759974,4.071880532,,,,,,
BDI,Burundi,2000,16.405731073,0.03398522,12.883920567,3.186646718,2.22e+08,1.7e+07,4.9e+07,7544718.84,278897428.241,631312107.783
BDI,Burundi,2005,,,,,,1.5e+07,43100000,,,
BDI,Burundi,2010,23.623864293,0.050152109,22.635021093,4.787794151,,,,,,
BDI,Burundi,2015,27.781610133,0.054417562,28.706006288,5.94799615,,,,,,
BEL,Belgium,2000,12.059126723,,321.176380058,,38200000,5.964e+09,735800000,,71920631775.972,236321580446.676
BEL,Belgium,2005,,,,,36900000,5.45e+09,730400000,,,
BEL,Belgium,2010,16.11890378,0.783932301,427.341986888,67.713495609,40200000,5.256e+09,709300000,31514078.5002,84720958267.68,303113671299.658
BEL,Belgium,2015,25.01809345,1.2607644,447.274775759,102.879537721,,,,,,
BEN,Benin,2000,39.20286034,0.11485831,55.730020444,25.256976179,5.9e+07,3e+07,4.1e+07,6776640.29,1176085810.2,2284930838.204
BEN,Benin,2010,52.353969225,0.401750733,34.449588527,27.388699519,,,,,,
BEN,Benin,2015,57.1129315,0.513800402,35.303994791,29.754973491,,,,,,
BFA,Burkina Faso,2000,66.525499568,0.022265358,8.899271724,5.069784542,420700000,16100000,278900000,9367036.1106,1071060543.0448,2482006883.8236
BFA,Burkina Faso,2005,,,,,420700000,21700000,375600000,,,
BFA,Burkina Faso,2010,105.182354411,0.047427044,10.407896515,7.593662077,,,,,,
BFA,Burkina Faso,2015,128.228677005,0.060193337,14.078007838,9.896803633,,,,,,
BGD,Bangladesh,2000,32.919856519,,14.487810413,,,,,,,
BGD,Bangladesh,2010,50.473331028,0.636170328,22.705463083,3.920922702,3.15e+10,7.7e+08,3.6e+09,20039365332,38864464891.56,81739667098.8
BGD,Bangladesh,2015,85.795145217,0.805421719,34.214966358,5.982908415,,,,,,
BGR,Bulgaria,2000,1.474119816,0.064628249,14.913521987,3.820416585,7.43e+08,4.776e+09,1.07e+09,48018789.007,7040396241.216,15957468526.09
BGR,Bulgaria,2005,,,,,875900000,,,,,
BGR,Bulgaria,2010,2.30932768,0.032327267,31.939268033,6.645742127,949400000,3.817e+09,948300000,30691507.2898,8814703754.56,30288007875.6939
BGR,Bulgaria,2015,2.543715285,0.113194777,35.433705945,7.441825243,828800000,3.901e+09,899600000,93815831.1776,9923033326.785,31876161868.122
BHR,Bahrain,2000,335.009677796,0.496671149,57.349984744,43.817321652,1.7e+08,,,84434095.33,,
BHR,Bahrain,2005,,,,,159200000,20300000,177900000,,,
BHR,Bahrain,2010,577.899784554,0.499642902,59.995528987,63.963861848,,,,,,
BHR,Bahrain,2015,846.501636643,0.661537762,67.288889242,71.811379455,,,,,,
BHS,Bahamas,2000,,,343.803766709,,,,2.5e+07,,,8595094167.725
BHS,Bahamas,2010,,,322.023404294,,,,,,,
BHS,Bahamas,2015,,,300.415700484,,,,3.1e+07,,,9312886715.004
BIH,Bosnia and Herzegovina,2000,148.836498305,,17.518690065,,,,321800000,,,5637514462.917
BIH,Bosnia and Herzegovina,2010,59.148498047,,25.022656522,,,48800000,,,2886446704.6936,
BIH,Bosnia and Herzegovina,2015,47.826324925,,28.80891116,,,,,,,
BLR,Belarus,2000,14.266152759,,13.36552283,,4.42e+08,544500000,850500000,,7767920177.2755,11367377166.915
BLR,Belarus,2005,,,,,4.09e+08,4.94e+08,8.03e+08,,,
BLR,Belarus,2010,35.112514812,,42.161274516,,4.71e+08,487500000,589500000,,17117350970.85,24854071327.182
BLR,Belarus,2015,53.451426905,0.052554172,41.075425714,31.39713001,4.89e+08,4.78e+08,5.47e+08,25698990.108,25549782060.59,22468257865.558
BLZ,Belize,2000,12.571700183,0.121249063,72.110898328,10.860175453,68400000,21200000,11400000,8293435.9092,266520043.8796,822064240.9392
BLZ,Belize,2010,13.781055005,0.146741854,106.838675537,15.051053565,,,,,,
BLZ,Belize,2015,12.610052359,0.185619289,125.656087719,16.95553336,,,,,,
BOL,Bolivia,2000,,,,,1.777e+09,,,,,
BOL,Bolivia,2010,,,,,1.92e+09,3.2e+07,1.36e+08,,,
BOL,Bolivia (Plurinational State of),2000,89.393271397,0.160740754,72.821631346,7.007296022,,,,,,
BOL,Bolivia (Plurinational State of),2010,220.768040688,0.168875912,78.278083933,9.02290691,,,,,,
BOL,Bolivia (Plurinational State of),2015,238.783150188,0.19507862,77.022718259,11.05948602,,,,,,
BRA,Brazil,2000,23.845710376,0.214799635,53.60068539,17.164497011,,,,,,
BRA,Brazil,2005,,,,,3.17e+10,1.014e+10,1.623e+10,,,
BRA,Brazil,2010,27.953204319,0.266342637,59.381656655,18.568513355,4.49e+10,1.272e+10,1.721e+10,11958784401.3,355564758937.68,1021958311032.55
BRA,Brazil,2015,24.195711682,0.439667666,70.444927182,23.286365301,,,,,,
BRB,Barbados,2000,90.664476242,,159.893941039,,,,,,,
BRB,Barbados,2005,,,,,54800000,6200000,2e+07,,,
BRB,Barbados,2010,89.210663243,0.594453389,179.189896044,51.4750627,,,,,,
BRB,Barbados,2015,85.811451613,0.596543377,179.5435,51.303599717,,,,,,
BRN,Brunei,2005,,,,,,,138900000,,,
BRN,Brunei,2010,,,,,,,151500000,,,
BRN,Brunei Darussalam,2000,,4.286933535,,,,,,,,
BRN,Brunei Darussalam,2010,,3.641942024,28.483142979,,,,,,,
BRN,Brunei Darussalam,2015,,5.451650513,34.365093901,,,,,,,
BTN,Bhutan,2000,61.566368236,,24.145202566,,,,,,,
BTN,Bhutan,2010,131.692461728,0.217374395,49.884868642,3.882382277,3.18e+08,3e+06,1.7e+07,69125057.61,395077385.184,848042766.914
BTN,Bhutan,2015,185.380257,0.2775729,62.875933823,5.068934403,,,,,,
BWA,Botswana,2000,110.508277205,0.02142797,48.641285938,39.753430561,8e+07,3.5e+07,7.9e+07,1714237.6,3867789702.175,3842661589.102
BWA,Botswana,2005,,,,,,38900000,87800000,,,
BWA,Botswana,2010,124.675027386,0.026262993,69.608091018,52.680706519,,,,,,
BWA,Botswana,2015,157.259918264,0.059021915,89.095228734,68.049715099,,,,,,
CAF,Central African Republic,2000,32.506833253,0.166714163,14.49729808,17.403229399,4e+05,1.1e+07,54800000,66685.6652,357575165.783,794451934.784
CAF,Central African Republic,2005,,,,,4e+05,1.2e+07,60100000,,,
CAF,Central African Republic,2010,46.552327629,0.178194352,12.605619881,18.155820195,,,,,,
CAF,Central African Republic,2015,30.251805917,0.109318022,12.387322429,15.276461741,,,,,,
CAN,Canada,2000,9.927880121,,134.687201179,,,3.157e+10,5.413e+09,,313423175419.97,729061819981.927
CAN,Canada,2005,,,,,2.322e+09,3.312e+10,5.878e+09,,,
CAN,Canada,2010,10.96781583,0.18085471,179.245376255,31.778457185,4.749e+09,,,858879017.79,,
CAN,Canada,2015,12.403429053,0.370576621,215.388430247,40.487416352,,,,,,
CHE,Switzerland,2000,,,359.919983062,,5e+07,,1.069e+09,,,384754461893.278
CHE,Switzerland,2005,,,,,,,9.81e+08,,,
CHE,Switzerland,2010,,4.203300504,413.974375443,,160100000,642700000,1.202e+09,672948410.6904,,497597199282.486
CHE,Switzerland,2015,246.708933451,5.152560101,554.599352653,389.921622552,,,9.17e+08,,,508567606382.801
CHL,Chile,2000,17.660430665,,69.266244842,,,2.324e+09,1.043e+09,,41042840865.46,72244693370.206
CHL,Chile,2005,,,,,2.942e+10,4.744e+09,1.267e+09,,,
CHL,Chile,2010,18.751447977,0.180849862,88.10843079,5.367083115,,,,,,
CHL,Chile,2015,33.232677857,0.207491181,115.264089597,6.731071389,,,,,,
CHN,China,2000,11.278623864,0.682357041,19.291889894,4.823795619,3.784e+11,1.139e+11,5.75e+10,258203904314.4,1284635258109.6,1109283668905
CHN,China,2005,,,,,3.6e+11,1.403e+11,7.1e+10,,,
CHN,China,2010,23.057045808,1.39162955,46.417058547,12.54705753,3.88e+11,1.424e+11,7.29e+10,539952265400,3283323323059.2,3383803568076.3
CHN,China,2015,32.048364028,1.512655414,73.325080508,17.861800461,3.852e+11,1.335e+11,7.94e+10,582674865472.8,4278456597738,5822011392335.2
CIV,Cote d'Ivoire,2000,19.950946195,0.126860034,19.245609712,11.238020919,6e+08,269600000,539200000,76116020.4,5378775094.172,10377232756.7104
CIV,Cote d'Ivoire,2005,,,,,595300000,3.18e+08,635900000,,,
CIV,Cote d'Ivoire,2010,19.267177379,0.130247591,27.617974182,13.582829287,595300000,,,77536390.9223,,
CIV,Cote d'Ivoire,2015,35.276888273,0.215299662,79.548518762,29.364640932,,,,,,
CMR,Cameroon,2000,68.154824766,0.030365494,49.388330476,13.073069061,7.37e+08,68300000,161100000,22379369.078,4654974531.5178,7956460039.6836
CMR,Cameroon,2005,,,,,,104600000,246800000,,,
CMR,Cameroon,2010,59.309446293,0.042803768,53.479558627,17.855631687,,,,,,
CMR,Cameroon,2015,71.973032151,0.054113074,66.851497978,22.112468026,,,,,,
COD,Democratic Republic of Congo,2000,,,,,71900000,122900000,389300000,,,
COD,Democratic Republic of Congo,2005,,,,,71900000,146800000,464900000,,,
COD,Democratic Republic of the Congo,2000,27.721893294,0.218318878,19.714601795,18.999507434,,,,,,
COD,Democratic Republic of the Congo,2010,61.592061894,0.248447286,22.122546392,28.29776165,,,,,,
COD,Democratic Republic of the Congo,2015,99.160189986,0.309509992,29.704029978,41.527754821,,,,,,
COG,Congo,2000,498.233761703,0.116173702,60.295586692,152.821288879,4e+06,1e+07,3.2e+07,464694.808,4982337617.03,1929458774.144
COG,Congo,2005,,,,,,2.4e+07,63700000,,,
COG,Congo,2010,284.119573089,0.123470358,44.42032776,105.222884557,,,,,,
COG,Congo,2015,231.197973417,0.208426105,78.713065714,115.197462949,,,,,,
COL,Colombia,2000,110.024418275,0.28266302,37.668559729,17.275730063,4.92e+09,3.59e+08,2.467e+09,1390702058.4,39498766160.725,92928336851.443
COL,Colombia,2010,25.09595542,0.316669816,39.129602305,12.53813872,6.391e+09,2.242e+09,3.134e+09,2023836794.056,56265132051.64,122632173623.87
COL,Colombia,2015,21.143689084,0.13289205,43.488487033,9.410749837,,,,,,
COM,Comoros,2000,140.851516163,0.06551541,69.966944127,40.657501232,4700000,5e+05,4800000,307922.427,70425758.0815,335841331.8096
COM,Comoros,2010,155.681752153,0.062046716,85.630550156,48.915913639,,,,,,
COM,Comoros,2015,195.89377,0.081104098,112.057503542,63.620409126,,,,,,
CPV,Cape Verde,2000,,0.465967487,,,2e+07,4e+05,1600000,9319349.74,,
CPV,Cape Verde,2005,,,,,2.5e+07,,,,,
CPV,Cape Verde,2010,141.048656346,0.191101166,11.473029941,8.886306732,,,,,,
CPV,Cape Verde,2015,94.025931174,0.176413871,8.15737141,6.349268992,,,,,,
CRI,Costa Rica,2000,,,24.825391042,,,,,,,
CRI,Costa Rica,2010,,,50.274584532,,,,,,,
CRI,Costa Rica,2015,40.485589042,0.377690271,60.742369344,15.698506102,1.33e+09,2.6e+08,7.6e+08,502328060.43,10526253150.92,46164200701.44
CUB,Cuba,2000,14.119429241,0.289903053,17.939946642,8.193063478,,,,,,
CUB,Cuba,2005,,,,,2.476e+09,760700000,1.7e+09,,,
CUB,Cuba,2010,21.546821453,0.154482593,33.090173691,12.122953662,3.569e+09,,,551348374.417,,
CUB,Cuba,2015,24.546130784,0.195397326,38.105283815,12.045713433,4.519e+09,7.4e+08,1.7e+09,883000516.194,18164136780.16,64778982485.5
CYP,Cyprus,2000,706.494693706,1.497391775,239.958311007,70.948451504,160600000,3500000,46100000,240481119.065,2472731427.971,11062078137.4227
CYP,Cyprus,2005,,,,,1.43e+08,8e+06,65600000,,,
CYP,Cyprus,2010,505.129606905,1.113978619,321.896558382,92.046122757,1.71e+08,6e+06,78800000,190490343.849,3030777641.43,25365448800.5016
CYP,Cyprus,2015,263.3848755,0.59379992,156.330244212,58.410865355,167600000,,84100000,99520866.592,,13147373538.2292
CZE,Czechia,2000,26.788924709,,82.445368151,,18700000,,,,,
CZE,Czechia,2005,,,,,29800000,,,,,
CZE,Czechia,2010,43.939788275,0.949315197,157.852846821,84.546109864,43200000,,,41010416.5104,,
CZE,Czechia,2015,59.913518824,1.205082263,177.976443606,103.270076697,4.4e+07,,,53023619.572,,
DEU,Germany,2000,21.693617846,,158.643393478,,1.14e+09,3.26e+10,5.409e+09,,707211941779.6,858102115322.502
DEU,Germany,2005,,,,,131700000,,,,,
DEU,Germany,2010,26.767453574,1.9310537,182.137496035,70.204164035,210900000,,,407259225.33,,
DEU,Germany,2015,45.489222425,1.553093035,202.657457342,100.471618213,,,,,,
DJI,Djibouti,2000,,8.211726979,37.439200366,,3e+06,0,1.6e+07,24635180.937,,599027205.856
DJI,Djibouti,2010,,12.485923847,70.802894641,,,,,,,
DJI,Djibouti,2015,,9.471449333,129.369077438,,,,,,,
DMA,Dominica,2010,,0.003653019,18.34363579,,1e+06,0,1.9e+07,3653.019,,348529080.01
DMA,Dominica,2015,,0.004459109,17.864132526,,,,,,,
DNK,Denmark,2000,632.750419769,,355.651734524,,165200000,61900000,440800000,,39167250983.7011,156771284578.179
DNK,Denmark,2005,,,,,117500000,42300000,4.11e+08,,,
DNK,Denmark,2010,749.115581125,3.00820724,467.47821364,337.279169527,1.64e+08,1.28e+08,3.6e+08,493345987.36,95886794384,168292156910.4
DNK,Denmark,2015,1548.700532751,0.777266501,528.383396059,320.348641671,,,,,,
DOM,Dominican Republic,2000,158.049364238,0.172367982,31.376205412,6.130087862,4.2e+09,6.5e+07,6e+08,723945524.4,10273208675.47,18825723247.2
DOM,Dominican Republic,2005,,,,,4.487e+09,2.59e+08,7.24e+08,,,
DOM,Dominican Republic,2010,24.617398121,0.193133264,40.202618598,6.973559363,5.715e+09,5.86e+08,8.55e+08,1103756603.76,14425795298.906,34373238901.29
DOM,Dominican Republic,2015,28.570693231,0.161608163,50.816413803,6.997662102,,,,,,
DZA,Algeria,2000,103.228895303,0.269721003,19.219906411,15.153172896,3.502e+09,5e+08,1.721e+09,944562952.506,51614447651.5,33077458933.331
DZA,Algeria,2010,163.17080544,0.560477165,20.148862264,16.242201179,4.99e+09,4.15e+08,3.02e+09,2796781053.35,67715884257.6,60849564037.28
DZA,Algeria,2015,473.475364656,0.836578187,26.472775216,15.372739172,,,,,,
ECU,Ecuador,2000,45.184730255,0.343864452,27.227308273,4.79111322,8.076e+09,385200000,907300000,2777049314.352,17405158094.226,24703336796.0929
ECU,Ecuador,2005,,,,,8.076e+09,5.49e+08,1.293e+09,,,
ECU,Ecuador,2010,48.968166014,0.486163584,32.283369677,7.315202383,,,,,,
ECU,Ecuador,2015,54.894868852,0.670587465,40.616754834,8.879855956,,,,,,
EGY,Egypt,2000,12.687867113,0.378834834,16.673206782,2.364139379,5.9e+10,4e+09,5.3e+09,22351255206,50751468452,88367995944.6
EGY,Egypt,2010,47.581015263,0.554057863,14.784266902,3.401824481,6.7e+10,2e+09,9e+09,37121876821,95162030526,133058402118
EGY,Egypt,2015,91.201233868,0.580668387,16.995240173,4.351108124,,,,,,
ERI,Eritrea,2000,5.690823643,0.023821287,16.486557612,3.326687462,2.9e+08,61700000,61700000,6908173.23,351123818.7731,1017220604.6604
ERI,Eritrea,2005,,,,,5.5e+08,1e+06,3.1e+07,,,
ERI,Eritrea,2010,475.247628949,0.016040573,27.194644458,2.280247289,,,,,,
ERI,Eritrea,2015,602.738691,0.018189506,35.179915194,2.926667166,,,,,,
ESP,Spain,2000,34.472080954,0.439712299,106.292597596,23.44234825,2.304e+10,7.447e+09,5.448e+09,10130971368.96,256713586864.438,579082071703.008
ESP,Spain,2005,,,,,2.318e+10,6.495e+09,5.898e+09,,,
ESP,Spain,2010,34.78290798,0.344154048,164.998474149,30.612436634,2.547e+10,6.572e+09,5.308e+09,8765603602.56,228593271244.56,875811900782.892
ESP,Spain,2015,32.897553703,0.444376417,180.315285783,33.707585211,,,,,,
EST,Estonia,2000,2.223134352,0.037252278,103.847851768,7.992135563,3e+07,,85200000,1117568.34,,8847836970.6336
EST,Estonia,2005,,,,,7600000,,,,,
EST,Estonia,2010,2.191118373,0.131463086,204.522497734,8.886324298,4500000,,,591583.887,,
EST,Estonia,2015,3.081845813,0.480809278,248.929372624,12.144580705,5e+06,1.655e+09,6e+07,2404046.39,5100454820.515,14935762357.44
ETH,Ethiopia,2000,,,,,5.204e+09,2.1e+07,3.33e+08,,,
ETH,Ethiopia,2005,,,,,7e+09,51100000,8.1e+08,,,
ETH,Ethiopia,2010,63.07168405,0.103652438,19.982857021,2.230809,,,,,,
ETH,Ethiopia,2015,193.491741233,0.127575532,32.153516074,3.60414009,9.687e+09,,,1235824178.484,,
FIN,Finland,2000,30.802372486,,265.896625185,,5e+07,,4.04e+08,,,107422236574.74
FIN,Finland,2005,,,,,5e+07,,409400000,,,
FIN,Finland,2010,31.793579886,0.317784395,360.271215719,86.126390979,,,4e+08,,,144108486287.6
FIN,Finland,2015,30.208899549,0.090647204,372.241628242,83.297770346,,,4.15e+08,,,154480275720.43
FJI,Fiji,2000,61.690252597,,100.317659116,,5e+07,8800000,22900000,,542874222.8536,2297274393.7564
FJI,Fiji,2005,,,,,5e+07,9600000,25300000,,,
FJI,Fiji,2010,65.646200652,0.273231282,98.559465596,36.95429411,,,,,,
FJI,Fiji,2015,66.235679583,0.284159047,105.54953751,39.110409604,,,,,,
FRA,France,2000,17.66065481,,239.120015284,,4.291e+09,2.211e+10,5.966e+09,,390477077849.1,1426590011184.34
FRA,France,2005,,,,,3.933e+09,2.179e+10,5.683e+09,,,
FRA,France,2010,18.461321464,1.679173388,298.102390382,71.917601782,3.143e+09,2.161e+10,5.481e+09,5277641958.484,398949156837.04,1633899201683.74
FRA,France,2015,19.109107362,1.478002315,338.708271255,76.385409053,,,,,,
GAB,Gabon,2000,473.28062071,0.166770446,46.913462993,71.657385589,40300000,11400000,68600000,6720848.9738,5395399076.094,3218263561.3198
GAB,Gabon,2005,,,,,40300000,14100000,84700000,,,
GAB,Gabon,2010,429.545611563,0.140505662,45.206521041,71.108898874,,,,,,
GAB,Gabon,2015,479.490495461,0.199721427,70.138719126,91.370339824,,,,,,
GBR,United Kingdom,2000,,,,,1.308e+09,7.19e+09,7.312e+09,,,
GBR,United Kingdom,2005,,,,,1.33e+09,1.193e+09,5.99e+09,,,
GBR,United Kingdom,2010,,,,,1.049e+09,,5.866e+09,,,
GBR,United Kingdom of Great Britain and Northern Ireland,2000,65.286864302,,221.79239023,,,,,,,
GBR,United Kingdom of Great Britain and Northern Ireland,2010,481.939184732,0.257748211,327.922493504,296.551174993,,,,,,
GBR,United Kingdom of Great Britain and Northern Ireland,2015,479.959876749,0.548471129,360.419728269,318.641496345,,,,,,
GEO,Georgia,2000,4.496041771,0.249666122,11.917018684,2.728935423,,195200000,3.36e+08,,877627353.6992,4004118277.824
GEO,Georgia,2005,,,,,1.055e+09,4e+08,3.58e+08,,,
GEO,Georgia,2010,4.522131898,0.291681936,15.433277036,5.468555693,,,,,,
GEO,Georgia,2015,11.030943497,0.400169037,11.118683535,7.633860035,,,,,,
GHA,Ghana,2000,66.832782688,0.065615425,33.801456313,14.59800188,6.52e+08,9.5e+07,2.35e+08,42781257.1,6349114355.36,7943342233.555
GHA,Ghana,2010,88.179581538,0.147753084,60.089098577,18.538858888,,,2.55e+08,,,15322720137.135
GHA,Ghana,2015,150.734876137,0.140307061,71.835119629,25.018215893,,,2.51e+08,,,18030615026.879
GIN,Guinea,2000,30.196138207,0.190064037,11.201823848,6.85882084,292900000,52100000,208300000,55669756.4373,1573218800.5847,2333339907.5384
GIN,Guinea,2005,,,,,,56200000,224800000,,,
GIN,Guinea,2010,38.098063219,0.029072768,14.073260785,7.30035166,,,,,,
GIN,Guinea,2015,38.205538912,0.030826773,18.403665975,7.780002305,,,,,,
GMB,Gambia,2000,6.79789644,0.102067936,18.39678784,8.242381977,39200000,17400000,33900000,4001063.0912,118283398.056,623651107.776
GMB,Gambia,2005,,,,,,21200000,41200000,,,
GMB,Gambia,2010,5.219216223,0.177955107,16.664849727,7.915502292,,,,,,
GMB,Gambia,2015,9.993771038,0.114592812,17.949826311,9.408393978,,,,,,
GNB,Guinea-Bissau,2000,12.141711692,0.074527052,12.544633349,2.265098035,1.44e+08,8e+06,2.3e+07,10731895.488,97133693.536,288526567.027
GNB,Guinea-Bissau,2005,,,,,,11900000,34100000,,,
GNB,Guinea-Bissau,2010,9.42665286,0.101454146,10.431413566,2.539461941,,,,,,
GNB,Guinea-Bissau,2015,10.252748403,0.123749969,11.375592669,2.777554798,,,,,,
GNQ,Equatorial Guinea,2000,846.864019716,,52.634943762,,1e+06,2600000,13800000,,2201846451.2616,726362223.9156
GNQ,Equatorial Guinea,2005,,,,,,3e+06,15800000,,,
GNQ,Equatorial Guinea,2010,3238.782773367,,206.761169042,,,,,,,
GNQ,Equatorial Guinea,2015,2563.525217333,,332.329015316,,,,,,,
GRC,Greece,2000,138.933310289,0.52379149,157.860576249,17.08710377,8.42e+09,,,4410324345.8,,
GRC,Greece,2005,,,,,8.458e+09,325500000,846200000,,,
GRC,Greece,2010,167.648555234,0.34825317,147.979861424,21.395623885,7.918e+09,,1.293e+09,2757468600.06,,191337960821.232
GRC,Greece,2015,167.08686923,0.423098273,96.210543478,17.03442402,,,,,,
GRD,Grenada,2010,,1.425137761,,,,,,,,
GRD,Grenada,2015,,2.762849815,58.203081,,2100000,0,1.2e+07,5801984.6115,,698436972
GTM,Guatemala,2000,17.251970039,,50.959901956,,1.472e+09,,429800000,,,21902565860.6888
GTM,Guatemala,2005,,,,,1.886e+09,603100000,8.35e+08,,,
GTM,Guatemala,2010,16.893792343,0.728371154,39.128521334,13.307261957,,,,,,
GTM,Guatemala,2015,21.001059441,0.815319385,47.528797119,16.211900034,,,,,,
GUY,Guyana,2000,49.443225441,,21.88688462,,1.6e+09,1e+07,3e+07,,494432254.41,656606538.6
GUY,Guyana,2005,,,,,,20400000,61300000,,,
GUY,Guyana,2010,42.542160417,0.413056876,25.326421309,2.06504203,1.363e+09,20400000,61300000,562996521.988,867860072.5068,1552509626.2417
GUY,Guyana,2015,47.880904902,0.098134297,32.117011958,2.13144621,,,,,,
HND,Honduras,2000,30.493894449,,25.518345592,,,,,,,
HND,Honduras,2005,,,,,1.178e+09,1.14e+08,3.15e+08,,,
HND,Honduras,2010,36.363211776,0.17120815,35.12257356,9.58973243,,,,,,
HND,Honduras,2015,42.703108675,0.214607331,40.813368222,11.1867908,,,,,,
HRV,Croatia,2000,,,43.323326683,,5900000,62800000,,,,
HRV,Croatia,2005,,,,,3200000,,,,,
HRV,Croatia,2010,18.109987419,0.626811989,62.040670079,37.346115906,8600000,147700000,5.13e+08,5390583.1054,2674845141.7863,31826863750.527
HRV,Croatia,2015,15.450170543,0.408194291,68.41760955,36.982696428,,1.26e+08,507900000,,1946721488.418,34749303890.445
HTI,Haiti,2000,101.254000807,0.20829271,43.8600261,6.323051647,,,,,,
HTI,Haiti,2010,51.145103725,0.300358277,35.484156577,6.698981515,1.209e+09,5.1e+07,1.9e+08,363133156.893,2608400289.975,6741989749.63
HTI,Haiti,2015,68.101069529,0.206340393,40.486445526,7.872444642,,,,,,
HUN,Hungary,2000,4.942843684,0.154056436,61.711612694,12.392988702,679600000,4.209e+09,831100000,104696753.9056,20804429065.956,51288521309.9834
HUN,Hungary,2005,,,,,305400000,4.486e+09,7.93e+08,,,
HUN,Hungary,2010,5.859596631,0.395169817,90.97495433,17.603064799,3.22e+08,4.013e+09,7.16e+08,127244681.074,23514561280.203,65138067300.28
HUN,Hungary,2015,9.470935425,0.33618491,117.157269275,23.4152105,,,594500000,,,69649996583.9875
IDN,Indonesia,2000,21.888453841,,12.942271106,,9.276e+10,7.398e+09,1.313e+10,,161930781515.718,169932019621.78
IDN,Indonesia,2005,,,,,,2.465e+10,1.399e+10,,,
IDN,Indonesia,2010,15.563455401,0.253468683,14.907436761,3.031003754,,,,,,
IDN,Indonesia,2015,31.712116914,0.271820943,16.726036597,3.484138761,,,,,,
IND,India,2000,19.496638387,0.194922423,8.370377842,1.073667979,5.584e+11,1e+10,4.2e+10,108844681003.2,194966383870,351555869364
IND,India,2010,26.378486885,0.274787353,13.196840484,1.808818716,6.88e+11,1.7e+10,5.6e+10,189053698864,448434277045,739023067104
IND,India,2015,31.462839384,0.365253366,19.250286704,2.449643418,,,,,,
IRL,Ireland,2000,156.051446175,0.087263737,164.313373035,138.383632915,,,5.8e+08,,,95301756360.3
IRL,Ireland,2005,,,,,,5.1e+07,6.79e+08,,,
IRL,Ireland,2010,255.239767728,0,219.588233859,206.74646305,,,6.28e+08,,,137901410863.452
IRL,Ireland,2015,276.960574835,0,257.197924341,251.69346654,,,,,,
IRN,Iran,2000,,,,,8.375e+10,1.025e+09,4.925e+09,,,
IRN,Iran,2005,,,,,8.6e+10,1.1e+09,6.2e+09,,,
IRN,Iran (Islamic Republic of),2000,92.685750239,0.1749445,28.918451761,2.681798606,,,,,,
IRN,Iran (Islamic Republic of),2010,154.887178582,0.147977909,35.166985121,4.299435202,,,,,,
IRN,Iran (Islamic Republic of),2015,108.03890888,0.250410004,39.615846767,4.137152305,,,,,,
IRQ,Iraq,2000,7.294372162,0.046315805,2.127400684,1.247146285,5.2e+10,9.7e+09,4.3e+09,2408421860,70755409971.4,9147822941.2
IRQ,Iraq,2010,15.235331908,0.102463344,23.175056247,2.514719136,,,,,,
IRQ,Iraq,2015,37.923235202,0.137104548,81.576395265,4.738473841,,,,,,
ISL,Iceland,2000,167.46399712,,90.375716224,,7e+07,1.4e+07,8.1e+07,,2344495959.68,7320433014.144
ISL,Iceland,2005,,,,,7e+07,1.4e+07,8.1e+07,,,
ISL,Iceland,2010,14.746889765,,116.44889507,,3e+05,2e+08,9.4e+07,,2949377953,10946196136.58
ISL,Iceland,2015,13.861587096,0.90961795,150.942868438,53.252952229,3e+05,1.98e+08,8e+07,272885.385,2744594245.008,12075429475.04
ISR,Israel,2000,318.548558298,1.287619294,181.096600869,83.602537298,1.021e+09,1.22e+08,6.88e+08,1314659299.174,38862924112.356,124594461397.872
ISR,Israel,2005,,,,,1.129e+09,1.13e+08,7.12e+08,,,
ISR,Israel,2010,360.168133412,2.200278919,247.290469204,114.447783969,1.016e+09,,,2235483381.704,,
ISR,Israel,2015,478.059007858,1.945460609,236.337727011,125.821696361,,,,,,
ITA,Italy,2000,25.326180471,0.779929328,131.038784761,35.660473114,2.001e+10,1.629e+10,9.111e+09,15606385853.28,412563479872.59,1193894367957.47
ITA,Italy,2005,,,,,1.289e+10,,8.942e+09,,,
ITA,Italy,2010,38.396272118,0.839944079,140.54391047,49.780703534,,,9.451e+09,,,1328280497851.97
ITA,Italy,2015,44.260521774,0.941372555,134.024478189,47.631730436,,,,,,
JAM,Jamaica,2000,36.058343839,0.227371818,36.590072674,12.938041811,,,,,,
JAM,Jamaica,2005,,,,,4.48e+08,7.6e+07,2.88e+08,,,
JAM,Jamaica,2010,3.671636192,0.425573111,32.370116702,9.479948992,,,,,,
JAM,Jamaica,2015,4.861792725,1.485607535,43.724125824,14.201556301,,,,,,
JOR,Jordan,2000,97.11856182,0.329841648,48.528795061,18.812990378,5.17e+08,3.7e+07,2.49e+08,170528132.016,3593386787.34,12083669970.189
JOR,Jordan,2005,,,,,5.89e+08,4.9e+07,2.94e+08,,,
JOR,Jordan,2010,209.373638891,1.288148803,58.00900217,32.966939384,4.62e+08,3.3e+07,3.54e+08,595124746.986,6909330083.403,20535186768.18
JOR,Jordan,2015,245.202621774,1.535944804,52.24029916,33.491451128,5.75e+08,3.8e+07,4.91e+08,883168262.3,9317699627.412,25649986887.56
JPN,Japan,2000,73.76322775,0.759321509,158.785132669,43.916230319,5.605e+10,1.232e+10,1.628e+10,42559970579.45,908762965880,2585021959851.32
JPN,Japan,2005,,,,,5.45e+10,1.278e+10,1.57e+10,,,
JPN,Japan,2010,93.021937072,0.63153389,202.313249096,51.797791108,5.443e+10,1.161e+10,1.541e+10,34374389632.7,1079984689405.92,3117647168569.36
JPN,Japan,2015,101.555874545,0.633192901,218.189358298,55.122089242,,,,,,
KAZ,Kazakhstan,2000,4.70034056,0.035866107,15.467452257,2.705533326,1.48e+10,4.07e+09,8.31e+08,530818383.6,19130386079.2,12853452825.567
KAZ,Kazakhstan,2005,,,,,1.403e+10,5.839e+09,8.53e+08,,,
KAZ,Kazakhstan,2010,8.288319081,0.032779535,25.845259364,5.62699755,1.4e+10,6.263e+09,8.78e+08,458913490,51909742404.303,22692137721.592
KAZ,Kazakhstan,2015,8.710031501,0.051866048,48.779788717,7.704444564,,,,,,
KEN,Kenya,2000,62.790122524,0.12316677,44.687970208,16.940586201,1.01e+09,,,124398437.7,,
KEN,Kenya,2005,,,,,1.75e+09,1e+08,4.7e+08,,,
KEN,Kenya,2010,71.466560678,0.160482424,27.851306302,13.135801536,1.907e+09,1.25e+08,1.186e+09,306039982.568,8933320084.75,33031649274.172
KEN,Kenya,2015,91.39449137,0.224451703,34.697525214,16.47097754,,,,,,
KGZ,Kyrgyzstan,2000,2.579551829,0.107622186,4.016591254,0.307738088,9.45e+09,3.1e+08,3.2e+08,1017029657.7,799661066.99,1285309201.28
KGZ,Kyrgyzstan,2005,,,,,7.447e+09,3.36e+08,2.24e+08,,,
KGZ,Kyrgyzstan,2010,3.604624827,0.108290426,12.35823387,0.615283943,7.1e+09,,,768862024.6,,
KGZ,Kyrgyzstan,2015,4.610164955,0.111931234,16.108930549,0.777040161,,,,,,
KHM,Cambodia,2000,52.325312846,,29.4920106,,,,,,,
KHM,Cambodia,2005,,,,,2.053e+09,3.3e+07,9.8e+07,,,
KHM,Cambodia,2010,82.488069688,0.31971581,50.5695026,3.816068733,,,,,,
KHM,Cambodia,2015,148.390209,0.354866816,74.378005684,5.913215672,,,,,,
KNA,Saint Kitts and Nevis,2010,,,,,2e+05,0,15400000,,,
KNA,Saint Kitts and Nevis,2015,,0.353091301,40.389369805,,,,,,,
KOR,Republic of Korea,2000,64.546823136,1.289899331,74.129209096,27.564122073,,,,,,
KOR,Republic of Korea,2010,91.183759318,0.957103554,100.151627169,41.223472777,,,,,,
KOR,Republic of Korea,2015,104.18928786,1.03965859,129.967008386,49.394671056,,,,,,
KOR,South Korea,2000,,,,,1.61e+10,4.45e+09,8.613e+09,,,
KOR,South Korea,2005,,,,,1.596e+10,,6.924e+09,,,
KWT,Kuwait,2000,1474.321813212,0.482509914,77.116235253,75.489533635,491900000,20800000,400500000,237346626.6966,30665893714.8096,30885052218.8265
KWT,Kuwait,2005,,,,,,23300000,448300000,,,
KWT,Kuwait,2010,2635.633420479,0.705163234,104.876618041,100.42914437,,,,,,
KWT,Kuwait,2015,2606.759675365,0.896232983,156.859139286,113.590150429,,,,,,
LAO,Lao People's Democratic Republic,2000,3.935026804,,20.818266814,,,,,,,
LAO,Lao People's Democratic Republic,2010,12.335562384,0.142505604,38.205940758,1.361864101,,,,,,
LAO,Lao People's Democratic Republic,2015,17.459960953,0.11941857,56.7162802,1.432219107,,,,,,
LAO,Laos,2005,,,,,3.193e+09,1.7e+08,1.3e+08,,,
LBN,Lebanon,2000,38.097917593,0.690583004,48.220661218,17.148535309,9.2e+08,78900000,434100000,635336363.68,3005925698.0877,20932589034.7338
LBN,Lebanon,2005,,,,,7.8e+08,1.5e+08,3.8e+08,,,
LBN,Lebanon,2010,10.035815539,2.283322755,107.77276687,25.630488715,,,,,,
LBN,Lebanon,2015,7.438379868,2.270421521,158.325297696,25.153211083,,,,,,
LBR,Liberia,2000,0.139815506,0.018268385,4.259640493,2.367831768,12300000,47400000,71100000,224701.1355,6627254.9844,302860439.0523
LBR,Liberia,2005,,,,,,53400000,80200000,,,
LBR,Liberia,2010,3.151641416,0.021193924,3.25441378,2.944224277,,,,,,
LBR,Liberia,2015,4.283073352,0.036942975,5.850809202,4.786877406,,,,,,
LBY,Libya,2000,193.450365144,0.394365498,45.263543339,12.612023944,3.584e+09,1.32e+08,6.1e+08,1413405944.832,25535448199.008,27610761436.79
LBY,Libya,2010,257.830741434,0.126919439,40.272574378,16.404278743,4.85e+09,2.8e+08,7e+08,615559279.15,72192607601.52,28190802064.6
LBY,Libya,2015,54.858995671,0.17097227,52.716102111,9.106519001,,,,,,
LCA,Saint Lucia,2005,,,,,30400000,0,12500000,,,
LCA,Saint Lucia,2010,,0.002756503,107.218608516,,,,,,,
LCA,Saint Lucia,2015,,0.002284149,111.29697768,,,,,,,
LIE,Liechtenstein,2015,,,459.167037143,,,,,,,
LKA,Sri Lanka,2000,16.459732845,,28.635984906,,1.2e+10,513600000,4.97e+08,,8453718789.192,14232084498.282
LKA,Sri Lanka,2005,,,,,1.131e+10,8.31e+08,8.05e+08,,,
LKA,Sri Lanka,2010,18.162313888,0.222035978,41.612180381,3.947313066,,,,,,
LKA,Sri Lanka,2015,25.335417283,0.288391811,58.504033939,5.516081451,,,,,,
LSO,Lesotho,2000,19.966699813,0.015666301,36.33095177,25.708049397,3800000,2e+07,2e+07,59531.9438,399333996.26,726619035.4
LSO,Lesotho,2010,25.543659585,0.014903637,59.198248152,38.696228049,,,,,,
LSO,Lesotho,2015,33.7898627,0.013768491,66.81461935,45.939314184,,,,,,
LTU,Lithuania,2000,1.818299414,,76.801463276,,5.3e+07,2.543e+09,1.72e+08,,4623935409.802,13209851683.472
LTU,Lithuania,2005,,,,,81800000,,,,,
LTU,Lithuania,2010,8.618808599,0.017689719,190.252929318,27.456487529,65600000,415900000,149900000,1160445.5664,3584562496.3241,28518914104.7682
LTU,Lithuania,2015,52.948584963,0.035271439,197.037471196,91.176404709,,,,,,
LUX,Luxembourg,2000,466.647383579,,646.539328644,,2e+05,14200000,46100000,,6626392846.8218,29805463050.4884
LUX,Luxembourg,2010,1819.699663381,0.424668674,972.214115102,1021.909465531,2e+05,3700000,40600000,84933.7348,6732888754.5097,39471893073.1412
LUX,Luxembourg,2015,3094.7726565,0,1152.044561801,1223.344326362,3e+05,2e+06,40800000,0,6189545313,47003418121.4808
LVA,Latvia,2000,,,,,53200000,,,,,
LVA,Latvia,2005,,,,,50600000,42600000,1.25e+08,,,
LVA,Latvia,2010,75.316847236,0.022298503,106.142234766,80.208669672,40800000,56300000,163100000,909778.9224,4240338499.3868,17311798490.3346
LVA,Latvia,2015,126.407090229,0.014344551,201.23475368,130.419511136,36300000,52200000,159300000,520707.2013,6598450109.9538,32056696261.224
MAR,Morocco,2000,32.920776296,0.13182215,20.840410933,3.099320354,1.105e+10,7.66e+08,3e+09,1456634757.5,25217314642.736,62521232799
MAR,Morocco,2010,93.364874732,0.330665416,43.799316076,6.651289328,9.156e+09,2.12e+08,1.063e+09,3027572548.896,19793353443.184,46558672988.788
MAR,Morocco,2015,119.019333722,0.417681526,57.10081152,8.604597205,,,,,,
MCO,Monaco,2000,,,583.404993231,,0,0,5800000,,,3383748960.7398
MCO,Monaco,2005,,,,,0,0,5500000,,,
MCO,Monaco,2010,,,818.357331982,,0,0,5e+06,,,4091786659.91
MCO,Monaco,2015,,,1031.4764668,,,,,,,
MDA,Moldova,2000,,,,,,991200000,1.64e+08,,,
MDA,Moldova,2005,,,,,3.6e+07,882500000,1.46e+08,,,
MDA,Moldova,2010,,,,,3.9e+07,,,,,
MDA,Moldova,2015,,,,,3.8e+07,,,,,
MDA,Republic of Moldova,2000,0.751969775,0.389003078,11.131917181,1.914224337,,,,,,
MDA,Republic of Moldova,2010,1.446111004,0.401880787,25.769646716,5.175137478,,,,,,
MDA,Republic of Moldova,2015,2.317361733,3.288751828,29.63934966,7.149591959,,,,,,
MDG,Madagascar,2000,7.330084465,0.069761513,15.697340426,0.419922781,1.3e+10,130800000,238800000,906899669,958775048.022,3748524893.7288
MDG,Madagascar,2005,,,,,1.3e+10,161900000,3.95e+08,,,
MDG,Madagascar,2010,10.296154419,0.101043905,12.55514732,0.585664964,,,,,,
MDG,Madagascar,2015,12.609904787,0.102054469,14.817079491,0.680170104,,,,,,
MDV,Maldives,2000,830.424554959,,241.120247143,,,2e+05,6200000,,166084910.9918,1494945532.2866
MDV,Maldives,2010,783.372961761,,442.932877822,,0,3e+05,5600000,,235011888.5283,2480424115.8032
MDV,Maldives,2015,1240.981776667,,542.689477679,,,,,,,
MEX,Mexico,2000,,0.173294408,,,5.61e+10,6.9e+09,9.6e+09,9721816288.8,,
MEX,Mexico,2005,,,,,6.057e+10,7.22e+09,1.116e+10,,,
MEX,Mexico,2010,42.123339951,0.196388752,55.174618698,11.825920387,6.335e+10,7.403e+09,1.198e+10,12441227439.2,311839085657.253,660991932002.04
MEX,Mexico,2015,42.515838465,0.238636564,58.819540849,12.634700188,6.536e+10,7.825e+09,1.248e+10,15597285823.04,332686435988.625,734067869795.52
MKD,North Macedonia,2000,9.80528116,,19.121056258,,281400000,139700000,212100000,,1369797778.052,4055576032.3218
MKD,North Macedonia,2005,,,,,125500000,199300000,226400000,,,
MKD,North Macedonia,2010,9.810499597,0.671201435,23.08599898,9.47447938,,,,,,
MKD,North Macedonia,2015,40.098830897,1.885373516,22.736547526,18.186545288,,1.07e+08,231700000,,4290574905.979,5268058061.7742
MLI,Mali,2000,108.030103594,0.011152,17.729113492,0.471460114,4.99e+09,,,55648480,,
MLI,Mali,2005,,,,,5.075e+09,4e+06,1.07e+08,,,
MLI,Mali,2010,505.082178643,0.021800506,30.683218203,1.04397814,,,,,,
MLI,Mali,2015,581.634938,0.036787762,47.263509215,1.459782709,,,,,,
MLT,Malta,2000,3306.702217315,2.05766725,107.55121593,102.453357416,18900000,5e+05,34400000,38889911.025,1653351108.6575,3699761827.992
MLT,Malta,2005,,,,,20300000,1e+06,34400000,,,
MLT,Malta,2010,1314.237726616,2.274201141,312.534271926,187.407481359,24100000,1e+06,14800000,54808247.4981,1314237726.616,4625507224.5048
MLT,Malta,2015,1181.267026,2.003747167,239.577221949,157.171454062,2.9e+07,1e+06,15300000,58108667.843,1181267026,3665531495.8197
MMR,Myanmar,2000,4.232744768,0.076627666,1.419368404,0.252487784,2.957e+10,332300000,3.323e+09,2265880083.62,1406541086.4064,4716561206.492
MMR,Myanmar,2005,,,,,,498400000,,,,
MMR,Myanmar,2010,23.908999555,0.174219932,4.952740952,1.004027593,,,,,,
MMR,Myanmar,2015,41.5842549,0.192359641,7.83738048,1.570981827,,,,,,
MNE,Montenegro,2005,,,,,6600000,67300000,,,,
MNE,Montenegro,2010,6.299966616,3.777727656,25.009604556,17.482821129,1700000,62800000,96400000,6422137.0152,395637903.4848,2410925879.1984
MNE,Montenegro,2015,5.797876162,4.340894966,27.593213299,18.840720363,,,,,,
MNG,Mongolia,2000,4.931943403,0.18354628,19.323662363,5.451743703,,,,,,
MNG,Mongolia,2005,,,,,2.24e+08,2.18e+08,9.8e+07,,,
MNG,Mongolia,2010,10.483818149,0.176843136,47.551917165,10.714892606,2.42e+08,2.38e+08,7.1e+07,42796038.912,2495148719.462,3376186118.715
MNG,Mongolia,2015,37.641952667,0.32771135,75.288103191,21.214152382,,,,,,
MOZ,Mozambique,2000,35.439438353,0.020624128,14.540351279,3.842951054,6.9e+08,24300000,169900000,14230648.32,861178351.9779,2470405682.3021
MOZ,Mozambique,2005,,,,,,36200000,253700000,,,
MOZ,Mozambique,2010,48.43008522,0.047473815,18.144526497,5.620359775,,,,,,
MOZ,Mozambique,2015,96.4443388,0.049908776,21.620437876,7.133478074,1.076e+09,2.5e+07,3.72e+08,53701842.976,2411108470,8042802889.872
MRT,Mauritania,2000,31.309233794,0.12720559,21.152806929,1.616556362,1.5e+09,25300000,75900000,190808385,792123614.9882,1605498045.9111
MRT,Mauritania,2005,,,,,1.223e+09,31800000,95400000,,,
MRT,Mauritania,2010,54.503820846,0.171715679,22.389483087,3.021172022,,,,,,
MRT,Mauritania,2015,38.410066698,0.263666946,31.95471434,3.401262438,,,,,,
MUS,Mauritius,2000,33.494030837,,34.097096214,,,,,,,
MUS,Mauritius,2005,,,,,4.91e+08,2e+07,2.14e+08,,,
MUS,Mauritius,2010,203.321367316,0.286891723,27.475138469,13.216113126,,,,,,
MUS,Mauritius,2015,147.3346975,0.332711512,31.805714165,16.809253147,,,,,,
MWI,Malawi,2000,14.395502224,0.02967013,10.495545514,1.505840319,1.166e+09,39900000,119600000,34595371.58,574380538.7376,1255267243.4744
MWI,Malawi,2005,,,,,1.166e+09,47700000,143100000,,,
MWI,Malawi,2010,15.441931789,0.035635623,18.218561596,2.494993696,,,,,,
MWI,Malawi,2015,25.627626981,0.046248424,30.802563788,4.1894239,,,,,,
MYS,Malaysia,2000,40.964985664,0.548015489,54.451312344,25.814500991,2.505e+09,3.747e+09,3.053e+09,1372778799.945,153495801283.008,166239856586.232
MYS,Malaysia,2005,,,,,2.505e+09,4.788e+09,3.902e+09,,,
MYS,Malaysia,2010,53.590626458,1.008984834,88.721618452,38.180418548,,,,,,
MYS,Malaysia,2015,65.661662296,1.073466708,122.850656294,50.164978622,,,,,,
NAM,Namibia,2000,88.602184026,0.047162523,46.174009469,15.403929617,2.01e+08,1.4e+07,7.3e+07,9479667.123,1240430576.364,3370702691.237
NAM,Namibia,2010,162.973110288,0.061140379,71.39254788,26.061002623,,,,,,
NAM,Namibia,2015,209.031758143,0.061144546,92.683079438,33.696525926,,,,,,
NER,Niger,2000,27.911173966,0.027476295,9.193469147,3.637630234,,28400000,255400000,,792677340.6344,2348012020.1438
NER,Niger,2005,,,,,656500000,32700000,294400000,,,
NER,Niger,2010,65.511974244,0.032104314,21.394129702,3.429585216,,13700000,61700000,,897514047.1428,1320017802.6134
NER,Niger,2015,60.544832245,0.002548721,23.687724966,3.43493309,,,,,,
NGA,Nigeria,2000,38.945898294,0.081965527,24.486401702,13.619102495,5.51e+09,1.554e+09,3.242e+09,451630053.77,60521925948.876,79384914317.884
NGA,Nigeria,2005,,,,,5.51e+09,1.965e+09,4.099e+09,,,
NGA,Nigeria,2010,49.06965858,0.190909328,39.633125977,23.698550652,5.51e+09,1.965e+09,5e+09,1051910397.28,96421879109.7,198165629885
NGA,Nigeria,2015,49.044694958,0.210633696,58.160259615,31.129035297,,,,,,
NIC,Nicaragua,2000,33.422365013,0.065572417,19.714859222,3.89409124,1.18e+09,2.7e+07,1.81e+08,77375452.06,902403855.351,3568389519.182
NIC,Nicaragua,2005,,,,,,73600000,,,,
NIC,Nicaragua,2010,32.116324237,0.160870535,19.622702756,4.888239301,1.185e+09,73600000,2.86e+08,190631583.975,2363761463.8432,5612092988.216
NIC,Nicaragua,2015,105.496518478,0.166786738,29.408572545,6.973025175,,,,,,
NLD,Netherlands,2000,,,,,52600000,7.558e+09,1.303e+09,,,
NLD,Netherlands,2005,,,,,71900000,9.629e+09,1.248e+09,,,
NLD,Netherlands,2010,,,,,60200000,9.446e+09,1.217e+09,,,
NLD,Netherlands (Kingdom of the),2000,18.432542386,,330.176990547,,,,,,,
NLD,Netherlands (Kingdom of the),2010,13.795508993,22.507221789,424.898099053,59.704737183,,,,,,
NLD,Netherlands (Kingdom of the),2015,17.809845226,25.11317932,444.201417837,80.611984908,,,,,,
NOR,Norway,2000,124.061241131,,197.067732324,,8.08e+08,7.83e+08,8.08e+08,,97139951805.573,159230727717.792
NOR,Norway,2005,,,,,844900000,1.233e+09,948200000,,,
NOR,Norway,2010,105.715621027,0.54774588,220.953377872,110.592200251,,1.071e+09,8.16e+08,,113221430119.917,180297956343.552
NOR,Norway,2015,103.440859655,0.293982386,284.110192852,124.435527434,,,8.38e+08,,,238084341609.976
NPL,Nepal,2000,44.606685479,,26.473968421,,9.32e+09,40400000,202100000,,1802110093.3516,5350389017.8841
NPL,Nepal,2005,,,,,9.32e+09,29500000,147600000,,,
NPL,Nepal,2010,81.178324266,0.567810819,66.81739906,1.847827811,,,,,,
NPL,Nepal,2015,92.957897797,0.612237805,83.564287344,2.188289388,,,,,,
NZL,New Zealand,2000,122.363232815,,121.463468476,,,2e+08,6.2e+08,,24472646563,75307350455.12
NZL,New Zealand,2005,,,,,2.82e+09,9.39e+08,1.149e+09,,,
NZL,New Zealand,2010,23.362449115,3.340677006,127.739395048,27.272370871,3.207e+09,1.184e+09,8.1e+08,10713551158.242,27661139752.16,103468909988.88
NZL,New Zealand,2015,27.304911738,2.949030987,241.938075957,33.597548834,,,,,,
OMN,Oman,2000,822.970621486,0.724808275,203.430691387,33.767427913,1.23e+09,3e+07,1e+08,891514178.25,24689118644.58,20343069138.7
OMN,Oman,2005,,,,,1.168e+09,1.9e+07,1.34e+08,,,
OMN,Oman,2010,385.80158269,0.530687855,199.203710551,38.422551826,,,,,,
OMN,Oman,2015,195.564023381,0.880046069,405.990748118,44.125192489,,,,,,
PAK,Pakistan,2000,6.001047945,,11.792422953,,1.627e+11,3.47e+09,6.39e+09,,20823636369.15,75353582669.67
PAK,Pakistan,2005,,,,,,,8e+09,,,
PAK,Pakistan,2010,29.721419489,0.256077323,12.92950934,1.147601433,1.724e+11,1.4e+09,9.65e+09,44147730485.2,41609987284.6,124769765131
PAK,Pakistan,2015,35.947561592,0.315378777,16.638074651,1.445926998,,,,,,
PAN,Panama,2000,203.9554439,,75.864471022,,,1.5e+07,206700000,,3059331658.5,15681186160.2474
PAN,Panama,2005,,,,,,19100000,262900000,,,
PAN,Panama,2010,630.382298495,0.298161161,48.239891388,33.234503143,4.46e+08,1e+07,5.81e+08,132979877.806,6303822984.95,28027376896.428
PAN,Panama,2015,2195.762032969,0.332837591,45.702904647,40.488664609,,,,,,
PER,Peru,2000,,,39.194690363,,,,,,,
PER,Peru,2010,55.884415458,0.278133178,55.147355596,7.165286234,1.212e+10,2.89e+08,1.254e+09,3370974117.36,16150596067.362,69154783917.384
PER,Peru,2015,21.589785126,0.272518832,62.776725373,5.533759614,,,,,,
PHL,Philippines,2000,15.39355452,,14.454240544,,,2.907e+09,5.406e+09,,44749062989.64,78139624380.864
PHL,Philippines,2005,,,,,6.559e+10,7.458e+09,5.848e+09,,,
PHL,Philippines,2010,7.983885769,0.155215696,18.409500601,2.494505139,6.707e+10,8.254e+09,6.235e+09,10410316730.72,65898993137.326,114783236247.235
PHL,Philippines,2015,8.425021596,0.172484523,22.16631471,3.292394214,,,,,,
PNG,Papua New Guinea,2000,28.352501661,,32.218394445,,1e+06,115900000,154500000,,3286054942.5099,4977741941.7525
PNG,Papua New Guinea,2005,,,,,1e+06,167600000,223500000,,,
PNG,Papua New Guinea,2010,31.412364427,,32.965970808,,,,,,,
PNG,Papua New Guinea,2015,43.761665764,,43.080523812,,,,,,,
POL,Poland,2000,7.952395603,,75.377926784,,1.108e+09,,,,,
POL,Poland,2005,,,,,1.122e+09,,,,,
POL,Poland,2010,13.423532392,0.073581669,120.587063089,32.342979025,1.102e+09,,,81086999.238,,
POL,Poland,2015,16.726279855,0.186826407,140.508677792,39.300707462,,,,,,
PRI,Puerto Rico,2000,14.637807571,,80.33010982,,130600000,3.041e+09,709900000,,44513572823.411,57026344961.218
PRI,Puerto Rico,2005,,,,,73900000,3.184e+09,903700000,,,
PRI,Puerto Rico,2010,16.513828076,4.676077278,57.337401934,25.558114106,64100000,3.15e+09,938600000,299736553.5198,52018558439.4,53816885455.2524
PRI,Puerto Rico,2015,21.37551797,2.682381349,64.819849246,31.288486878,,,,,,
PRK,Democratic People's Republic of Korea,2000,4.17267988,0.423007325,6.093058561,1.468203416,,,,,,
PRK,Democratic People's Republic of Korea,2010,6.113668451,0.326685263,6.095621668,1.693578878,,,,,,
PRK,Democratic People's Republic of Korea,2015,5.922703682,0.34990785,6.620269044,1.740761567,,,,,,
PRK,North Korea,2000,,,,,,1.088e+09,857600000,,,
PRK,North Korea,2005,,,,,6.61e+09,1.145e+09,902800000,,,
PRT,Portugal,2000,28.061773676,0.15262423,129.01819782,15.430842781,8.767e+09,1.497e+09,8.72e+08,1338056624.41,42008475192.972,112503868499.04
PRT,Portugal,2005,,,,,,,976300000,,,
PRT,Portugal,2010,20.86673505,0.27851405,152.037321172,22.4317287,,,910500000,,,138429980927.106
PRT,Portugal,2015,17.740078829,0.405809717,155.882066615,25.680355029,,,,,,
PRY,Paraguay,2000,146.459677003,,102.851666403,,3.5e+08,4e+07,1e+08,,5858387080.12,10285166640.3
PRY,Paraguay,2010,47.27229085,,48.893596029,,1.897e+09,1.54e+08,3.62e+08,,7279932790.9,17699481762.498
PRY,Paraguay,2015,60.679062695,0.139235465,57.437128638,12.598817198,,,,,,
PSE,Palestine,2000,90.445422846,1.353321497,42.991880649,20.397785558,1.67e+08,14600000,101400000,226004689.999,1320503173.5516,4359376697.8086
PSE,Palestine,2005,,,,,1.89e+08,2.9e+07,2e+08,,,
PSE,Palestine,2010,78.650199948,4.628718295,41.98910578,27.639963427,,,,,,
PSE,Palestine,2015,79.561928316,5.182637551,50.903772242,32.219064274,,,,,,
QAT,Qatar,2000,1731.342389908,0.614665838,148.570035141,117.708885695,2.1e+08,13900000,7e+07,129079825.98,24065659219.7212,10399902459.87
QAT,Qatar,2005,,,,,2.62e+08,8e+06,1.74e+08,,,
QAT,Qatar,2010,5294.194613428,0.529578377,105.747936993,184.316306515,,,,,,
QAT,Qatar,2015,801.567317023,1.134418683,161.512527828,206.345546532,,,,,,
ROU,Romania,2000,4.180935373,,25.927997163,,1.192e+09,6.17e+09,1.86e+09,,25796371251.41,48226074723.18
ROU,Romania,2005,,,,,1.099e+09,,,,,
ROU,Romania,2010,11.491215577,0.265136602,77.470093789,21.044450594,1.093e+09,4.336e+09,1.053e+09,289794305.986,49825910741.872,81576008759.817
ROU,Romania,2015,11.529001459,0.200891159,97.338147981,22.991445476,1.135e+09,4.303e+09,9.8e+08,228011465.465,49609293278.077,95391385021.38
RUS,Russia,2000,,,,,1.32e+10,3.96e+10,1.34e+10,,,
RUS,Russian Federation,2000,6.509469409,0.120010688,28.096894756,9.527192986,,,,,,
RUS,Russian Federation,2010,9.0229742,0.059465266,56.12593417,16.770124436,,,,,,
RUS,Russian Federation,2015,12.911486461,0.064520279,49.018725996,18.781077806,,,,,,
RWA,Rwanda,2000,31.641911913,,35.973840306,,1.02e+08,1.2e+07,3.6e+07,,379702942.956,1295058251.016
RWA,Rwanda,2005,,,,,,20500000,61400000,,,
RWA,Rwanda,2010,54.251296666,0.09549033,25.197446222,10.622744393,,,,,,
RWA,Rwanda,2015,105.519486231,0.234422614,23.944673396,11.582598045,,,,,,
SAU,Saudi Arabia,2000,661.236366637,0.980341105,69.346285024,17.567346938,,289700000,2.277e+09,,191560175414.739,157901490999.648
SAU,Saudi Arabia,2005,,,,,2.083e+10,7.1e+08,2.13e+09,,,
SAU,Saudi Arabia,2010,363.75635056,0.722124013,86.222646999,23.403856612,,,,,,
SAU,Saudi Arabia,2015,293.332811689,0.82274924,115.537092411,26.305723592,,,,,,
SDN,Sudan,2010,,,,,2.591e+10,7.5e+07,9.5e+08,,,
SDN,Sudan,2015,178.59084852,0.23714674,46.022126927,2.348609848,,,,,,
SEN,Senegal,2000,39.968962877,0.064086756,53.887664306,4.955061802,2.065e+09,5.8e+07,9.8e+07,132339151.14,2318199846.866,5280991101.988
SEN,Senegal,2010,104.591234492,0.064859052,41.381837199,4.643328479,,,,,,
SEN,Senegal,2015,422.635216396,0.069349417,37.975958139,5.517373258,,,,,,
SGP,Singapore,2000,43.537996951,,99.80549149,,,9.94e+08,877100000,,43276768969.294,87539396585.879
SGP,Singapore,2005,,,,,,1.221e+09,1.078e+09,,,
SGP,Singapore,2010,79.899356465,,249.117079754,,,,,,,
SGP,Singapore,2015,208.251900423,,734.65123795,,,,,,,
SLE,Sierra Leone,2000,2.593852129,0.567774839,6.304362028,3.979569245,45700000,47700000,95500000,25947310.1423,123726746.5533,602066573.674
SLE,Sierra Leone,2005,,,,,45700000,55500000,1.11e+08,,,
SLE,Sierra Leone,2010,4.698110491,2.325573628,11.055260039,7.512524559,,,,,,
SLE,Sierra Leone,2015,3.226233946,3.171737223,13.06723182,8.362238959,,,,,,
SLV,El Salvador,2000,18.155788402,0.100610097,28.383198966,10.999929032,7.6e+08,236900000,3.79e+08,76463673.72,4301106272.4338,10757232408.114
SLV,El Salvador,2005,,,,,1.431e+09,2.13e+08,4.74e+08,,,
SLV,El Salvador,2010,20.590091225,0.072104335,31.454354726,10.310122376,,,,,,
SLV,El Salvador,2015,23.867732559,0.080940716,39.474300347,15.334892544,,,,,,
SOM,Somalia,2000,,0.059855635,61.934327911,,3.28e+09,0,1e+07,196326482.8,,619343279.11
SOM,Somalia,2005,,,,,3.281e+09,2e+06,1.5e+07,,,
SOM,Somalia,2010,131.745335523,0.088257067,79.627844327,0.529860452,,,,,,
SOM,Somalia,2015,168.384034,0.112999499,101.923711133,0.678100391,,,,,,
SRB,Serbia,2005,,,,,128200000,,,,,
SRB,Serbia,2010,,0.086571524,31.965416959,,97400000,,,8432066.4376,,
SRB,Serbia,2015,2.478374237,0.1264822,33.696231948,6.503825071,116700000,,,14760472.74,,
SSD,South Sudan,2010,,,,,2.4e+08,2.25e+08,1.93e+08,,,
SSD,South Sudan,2015,11.459529831,0.019773007,17.149883497,8.956029253,,,,,,
STP,Sao Tome and Principe,2015,,,15.663995306,,,,,,,
SUR,Suriname,2000,35.738132869,0.818308032,49.46245333,4.038786921,6.2e+08,2e+07,3e+07,507350979.84,714762657.38,1483873599.9
SUR,Suriname,2005,,,,,431100000,135500000,49300000,,,
SUR,Suriname,2010,11.818086095,1.062051838,45.289468253,6.968618279,,,,,,
SUR,Suriname,2015,9.585389609,1.237640749,58.665745801,7.671031802,,,,,,
SVK,Slovakia,2000,19.805586021,1.06584195,64.009341675,35.588921659,5.6e+07,622500000,415900000,59687149.2,12328977298.0725,26621485202.6325
SVK,Slovakia,2005,,,,,22500000,3.07e+08,358500000,,,
SVK,Slovakia,2010,81.863197197,1.278778674,159.335497751,120.604011717,30700000,328800000,305800000,39258505.2918,26916619238.3736,48724795212.2558
SVK,Slovakia,2015,103.224350403,1.732943673,186.903310291,141.328381589,22900000,,,39684410.1117,,
SVN,Slovenia,2000,,,82.693660423,,6600000,705500000,187100000,,,15471983865.1433
SVN,Slovenia,2005,,,,,4600000,762900000,167400000,,,
SVN,Slovenia,2010,12.79934188,13.010826001,157.13604392,38.342303641,2300000,764100000,161700000,29924899.8023,9779977130.508,25408898301.864
SVN,Slovenia,2015,14.722391515,4.528464948,155.817972774,40.543915545,3600000,9.88e+08,1.64e+08,16302473.8128,14545722816.82,25554147534.936
SWE,Sweden,2000,58.357847896,,221.706416834,,1.35e+08,1.503e+09,1.038e+09,,87711845387.688,230131260673.692
SWE,Sweden,2005,,,,,1.07e+08,1.523e+09,1e+09,,,
SWE,Sweden,2010,58.965234707,3.214842278,294.46820146,146.177575601,9.8e+07,1.572e+09,1.019e+09,315054543.244,92693348959.404,300063097287.74
SWE,Sweden,2015,73.183180102,3.463439272,359.520031351,186.119058999,,,,,,
SWZ,Eswatini,2000,78.325812242,,48.730225127,,1.006e+09,1.2e+07,2.4e+07,,939909746.904,1169525403.048
SWZ,Eswatini,2005,,,,,,20700000,41300000,,,
SWZ,Eswatini,2010,61.285548683,0.107955038,43.569507599,2.974376676,,,,,,
SWZ,Eswatini,2015,68.075353044,0.114792256,50.207030048,3.369092845,,,,,,
SYC,Seychelles,2000,108.693196268,,52.852375098,,,1200000,10800000,,130431835.5216,570805651.0584
SYC,Seychelles,2005,,,,,9e+05,3800000,9e+06,,,
SYC,Seychelles,2010,41.829086732,2.551278825,80.305473089,64.525250973,,,,,,
SYC,Seychelles,2015,41.74497579,3.40795764,107.17267,82.208182473,,,,,,
SYR,Syria,2000,,,,,1.441e+10,5.69e+08,1.38e+09,,,
SYR,Syria,2005,,,,,1.467e+10,615400000,1.475e+09,,,
SYR,Syrian Arab Republic,2000,13.582047088,0.190718532,8.314713475,1.41168142,,,,,,
SYR,Syrian Arab Republic,2010,19.884176082,0.222338274,13.740018153,2.133896042,,,,,,
SYR,Syrian Arab Republic,2015,9.569424802,0.11472442,6.747597644,1.045603792,,,,,,
TCD,Chad,2000,5.261392329,0.018073358,21.348268741,3.035827627,672200000,88500000,88500000,12148911.2476,465633221.1165,1889321783.5785
TCD,Chad,2005,,,,,672200000,103700000,103700000,,,
TCD,Chad,2010,35.794611578,0.045045079,18.656201374,6.453875177,,,,,,
TCD,Chad,2015,53.347413018,0.056976667,34.445578621,10.393852829,,,,,,
TGO,Togo,2000,81.352538123,0.007187876,13.392728113,9.110723114,7.6e+07,4e+06,8.9e+07,546278.576,325410152.492,1191952802.057
TGO,Togo,2005,,,,,,6300000,140700000,,,
TGO,Togo,2010,120.047998855,0.010239179,16.494137916,13.80181962,,,,,,
TGO,Togo,2015,173.369816349,0.0121909,21.682444741,18.582405051,,,,,,
THA,Thailand,2000,33.566624085,,57.45014937,,,,,,,
THA,Thailand,2005,,,,,5.179e+10,2.777e+09,2.739e+09,,,
THA,Thailand,2010,46.388457837,0.368091852,66.315635191,5.750231201,,,,,,
THA,Thailand,2015,48.088652317,0.358990532,84.756523869,6.705797404,,,,,,
TJK,Tajikistan,2000,2.942026552,0.07062568,2.995431455,0.19853678,1.096e+10,5.6e+08,4.4e+08,774057452.8,1647534869.12,1317989840.2
TJK,Tajikistan,2005,,,,,1.044e+10,407800000,6.47e+08,,,
TJK,Tajikistan,2010,3.977079892,0.115382676,5.250871594,0.529598906,,,,,,
TJK,Tajikistan,2015,5.506194412,0.185273866,9.072599407,0.780750056,,,,,,
TKM,Turkmenistan,2000,18.602187667,0.120563593,7.883809898,0.507061608,2.404e+10,270100000,5.97e+08,2898348775.72,5024450888.8567,4706634509.106
TKM,Turkmenistan,2005,,,,,2.636e+10,8.39e+08,7.55e+08,,,
TKM,Turkmenistan,2010,18.895478956,0.121144119,11.552566937,0.993376757,,,,,,
TKM,Turkmenistan,2015,22.094019443,0.126602802,17.824446458,1.263918911,,,,,,
TLS,East Timor,2000,29.044864951,,40.241711072,,,4400000,10700000,,127797405.7844,430586308.4704
TLS,East Timor,2005,,,,,1.071e+09,2e+06,9.9e+07,,,
TLS,East Timor,2010,58.632525102,0.088098128,9.03922383,0.944113741,,,,,,
TLS,East Timor,2015,145.5344725,0.07523567,10.24608802,1.182601588,,,,,,
TTO,Trinidad and Tobago,2000,55.161302268,1.910416725,42.675759062,44.405243003,1.7e+07,9.9e+07,1.98e+08,32477084.325,5460968924.532,8449800294.276
TTO,Trinidad and Tobago,2005,,,,,1.5e+07,1.16e+08,2.14e+08,,,
TTO,Trinidad and Tobago,2010,88.141031327,1.740666186,56.951463135,65.037198318,16700000,128900000,237600000,29069125.3062,11361378938.0503,13531667640.876
TTO,Trinidad and Tobago,2015,69.487213297,2.75246547,71.214571886,67.649922357,,,,,,
TUN,Tunisia,2000,60.197820962,0.175887306,39.179980439,8.06941257,2.165e+09,1.1e+08,3.65e+08,380796017.49,6621760305.82,14300692860.235
TUN,Tunisia,2010,68.209737886,0.180072903,47.162353432,10.529638655,2.644e+09,1.65e+08,4.96e+08,476112755.532,11254606751.19,23392527302.272
TUN,Tunisia,2015,117.669537307,0.256736993,41.267446113,10.649780982,,,,,,
TUR,Turkey,2000,,,,,3.15e+10,4.1e+09,6.4e+09,,,
TUR,Turkey,2005,,,,,2.96e+10,4.3e+09,6.2e+09,,,
TUR,Turkey,2010,,,,,3.4e+10,,,,,
TUR,Türkiye,2000,70.000000431,0.272443379,35.363197784,8.580300556,,,,,,
TUR,Türkiye,2010,87.527373726,0.400450643,72.96242342,11.253315404,,,,,,
TUR,Türkiye,2015,131.991770056,0.248567809,84.060961385,12.834111056,,,,,,
TZA,Tanzania,2000,,,,,4.632e+09,2.5e+07,5.27e+08,,,
TZA,United Republic of Tanzania,2000,129.587692931,,19.508126994,,,,,,,
TZA,United Republic of Tanzania,2010,312.349064073,0.11420404,30.193073413,4.677752586,,,,,,
TZA,United Republic of Tanzania,2015,448.25682104,0.16635943,38.653190649,6.239820385,,,,,,
UGA,Uganda,2000,26.07817019,0.02637937,32.123397046,19.370137568,1.2e+08,4.6e+07,151400000,3165524.4,1199595828.74,4863482312.7644
UGA,Uganda,2010,115.023640619,0.044470254,36.383208199,27.780835347,2.59e+08,5e+07,3.28e+08,11517795.786,5751182030.95,11933692289.272
UGA,Uganda,2015,144.72999078,0.03325376,44.192302902,34.129022943,,,,,,
UKR,Ukraine,2000,1.833797737,0.082024149,9.726278042,2.737911071,5.485e+09,9.486e+09,3.311e+09,449902457.265,17395405333.182,32203706597.062
UKR,Ukraine,2005,,,,,4.525e+09,7.24e+09,3.318e+09,,,
UKR,Ukraine,2010,3.207522648,0.033382203,18.331479905,5.58088243,4.454e+09,7.126e+09,3.266e+09,148684332.162,22856806389.648,59870613369.73
UKR,Ukraine,2015,4.07798786,0.060303751,19.809826425,6.893826471,,,,,,
URY,Uruguay,2000,79.797355997,0.1443066,55.760959668,8.115637669,3.17e+09,8e+07,4.1e+08,457451922,6383788479.76,22861993463.88
URY,Uruguay,2010,120.644303819,0.161055807,67.561319705,10.344872211,,,,,,
URY,Uruguay,2015,123.790526363,0.201294052,90.1381918,12.977596419,,,,,,
USA,United States,2000,,,,,1.965e+11,2.988e+11,6.4e+10,,,
USA,United States,2005,,,,,1.919e+11,3.051e+11,6.544e+10,,,
USA,United States,2010,,,,,1.751e+11,2.484e+11,6.209e+10,,,
USA,United States of America,2000,9.526575098,0.125410098,168.369725677,24.39986799,,,,,,
USA,United States of America,2010,11.534678516,0.187791063,215.171589384,33.48112676,,,,,,
USA,United States of America,2015,14.72579876,0.210414387,255.829765371,40.655821682,,,,,,
UZB,Uzbekistan,2000,1.846600141,0.224818214,2.826995711,0.427031191,5.478e+10,2.35e+09,3.45e+09,12315541762.92,4339510331.35,9753135202.95
UZB,Uzbekistan,2005,,,,,5.04e+10,1.5e+09,4.1e+09,,,
UZB,Uzbekistan,2010,6.467825847,0.305985354,8.333779762,0.979316569,,,,,,
UZB,Uzbekistan,2015,9.180780865,0.471923187,14.990958335,1.415190196,,,,,,
VCT,Saint Vincent and the Grenadines,2015,44864.4445,,63.168060823,,0,2000,8500000,,89728889,536928516.9955
VEN,Venezuela,2000,,,,,3.97e+09,683100000,4.411e+09,,,
VEN,Venezuela,2005,,,,,1.671e+10,793300000,5.123e+09,,,
VEN,Venezuela,2010,,,,,1.671e+10,,,,,
VEN,Venezuela (Bolivarian Republic of),2000,163.136452089,0.467006864,27.171367102,25.721850814,,,,,,
VEN,Venezuela (Bolivarian Republic of),2010,207.275203769,0.422881908,27.809808565,13.876215957,,,,,,
VEN,Venezuela (Bolivarian Republic of),2015,199.310849118,0.339314442,29.160335621,13.84104517,,,,,,
VNM,Viet Nam,2000,7.700383876,0.247525386,36.735354111,1.120160042,,,,,,
VNM,Viet Nam,2010,18.085727944,0.295190754,66.331638364,1.932738811,,,,,,
VNM,Viet Nam,2015,23.859312544,0.300035733,90.872576619,2.514490216,,,,,,
VNM,Vietnam,2000,,,,,,3.263e+09,1.051e+09,,,
VNM,Vietnam,2005,,,,,7.775e+10,3.074e+09,1.206e+09,,,
YEM,Yemen,2000,192.646538164,,53.673747127,,3.06e+09,6.8e+07,2.72e+08,,13099964595.152,14599259218.544
YEM,Yemen,2005,,,,,3.235e+09,6.5e+07,2.65e+08,,,
YEM,Yemen,2010,285.34830454,1.00237653,92.389923669,12.979988118,,,,,,
YEM,Yemen,2015,72.279450369,0.749988878,57.999431728,6.309741291,,,,,,
ZAF,South Africa,2000,55.801679712,0.162438921,35.706013801,15.585718912,7.836e+09,1.052e+09,3.904e+09,1272871384.956,58703367057.024,139396277879.104
ZAF,South Africa,2005,,,,,,947500000,,,,
ZAF,South Africa,2010,48.986401053,0.167721343,49.966534431,18.860316727,,,,,,
ZAF,South Africa,2015,20.414953488,0.148822731,61.942628515,16.399964478,9.69e+09,1.625e+09,4.185e+09,1442092263.39,33174299418,259229900335.275
ZMB,Zambia,2000,12.438027725,0.060188011,15.37911146,3.810796603,1.152e+09,1.3e+08,2.9e+08,69336588.672,1616943604.25,4459942323.4
ZMB,Zambia,2010,37.939443894,0.077927559,30.565560348,8.833277834,,,,,,
ZMB,Zambia,2015,49.359998446,0.053953203,43.711805179,12.185354573,,,,,,
ZWE,Zimbabwe,2000,5.510007331,0.058482279,12.405597853,2.174172462,3.318e+09,2.98e+08,,194044201.722,1641982184.638,
ZWE,Zimbabwe,2005,,,,,2.93e+09,2.15e+08,,,,
ZWE,Zimbabwe,2010,14.865407338,0.037470887,17.160838809,3.189655568,,,,,,
ZWE,Zimbabwe,2015,47.776984865,0.045492354,19.45662611,4.798442329,,,,,,
