country,iso_code,year,w_agriculture,w_industry,w_munucipal
Afghanistan,AFG,1985,2.585e+10,0,261100000
Afghanistan,AFG,2000,2e+10,128500000,154200000
Afghanistan,AFG,2005,,169500000,203400000
Albania,ALB,1990,1e+09,1e+08,1e+08
Albania,ALB,1995,6.7e+08,,
Albania,ALB,2000,1.06e+09,227400000,550400000
Albania,ALB,2005,517600000,231800000,561300000
Algeria,DZA,1980,2.22e+09,1.2e+08,6.6e+08
Algeria,DZA,1990,2.7e+09,6.8e+08,1.12e+09
Algeria,DZA,2000,3.502e+09,5e+08,1.721e+09
Algeria,DZA,2010,4.99e+09,4.15e+08,3.02e+09
Angola,AGO,1985,3.65e+08,4.8e+07,6.7e+07
Angola,AGO,2000,2.1e+08,184500000,2.46e+08
Angola,AGO,2005,146700000,239600000,319500000
Antigua and Barbuda,ATG,1990,1e+06,1e+06,3e+06
Antigua and Barbuda,ATG,1995,1300000,,
Antigua and Barbuda,ATG,2005,1300000,1800000,5300000
Antigua and Barbuda,ATG,2010,1800000,2500000,7200000
Argentina,ARG,1995,2.152e+10,2.5e+09,4.56e+09
Argentina,ARG,2000,2.152e+10,3.975e+09,
Argentina,ARG,2010,2.793e+10,4e+09,5.85e+09
Armenia,ARM,1995,1.94e+09,1.2e+08,8.65e+08
Armenia,ARM,2000,1.14e+09,76600000,516800000
Armenia,ARM,2005,1.89e+09,1.25e+08,8.43e+08
Armenia,ARM,2010,2.597e+09,1.01e+08,2.43e+08
Armenia,ARM,2015,2.949e+09,1.25e+08,1.98e+08
Australia,AUS,1995,1.55e+10,,
Australia,AUS,2000,1.503e+10,2.227e+09,4.443e+09
Australia,AUS,2005,1.224e+10,2.332e+09,4.191e+09
Australia,AUS,2010,9.587e+09,2.688e+09,3.744e+09
Australia,AUS,2015,1.059e+10,2.768e+09,4.015e+09
Austria,AUT,1980,9e+07,2.694e+09,558200000
Austria,AUT,1985,2e+08,2.671e+09,708800000
Austria,AUT,1990,1e+08,3.022e+09,685100000
Austria,AUT,1995,1e+08,2.857e+09,687100000
Austria,AUT,2000,1e+08,2.899e+09,668700000
Austria,AUT,2010,77100000,2.695e+09,7.2e+08
Azerbaijan,AZE,1995,1.016e+10,2.132e+09,2.22e+08
Azerbaijan,AZE,2000,7.595e+09,1.977e+09,5.03e+08
Azerbaijan,AZE,2005,9.33e+09,2.36e+09,5.21e+08
Azerbaijan,AZE,2010,1.01e+10,,
Bahamas,BHS,2000,,,2.5e+07
Bahamas,BHS,2015,,,3.1e+07
Bahrain,BHR,1990,1.35e+08,1e+07,9.4e+07
Bahrain,BHR,2000,1.7e+08,,
Bahrain,BHR,2005,159200000,20300000,177900000
Bangladesh,BGD,1985,,2.25e+08,6.75e+08
Bangladesh,BGD,1990,,3.3e+08,1.7e+09
Bangladesh,BGD,2010,3.15e+10,7.7e+08,3.6e+09
Barbados,BRB,1990,54800000,,
Barbados,BRB,1995,54800000,6200000,2e+07
Barbados,BRB,2005,54800000,6200000,2e+07
Belarus,BLR,1995,5.68e+08,6.6e+08,7.52e+08
Belarus,BLR,2000,4.42e+08,544500000,850500000
Belarus,BLR,2005,4.09e+08,4.94e+08,8.03e+08
Belarus,BLR,2010,4.71e+08,487500000,589500000
Belarus,BLR,2015,4.89e+08,4.78e+08,5.47e+08
Belgium,BEL,1980,361200000,7.676e+09,993300000
Belgium,BEL,1995,1.6e+07,6.8e+09,8.74e+08
Belgium,BEL,2000,38200000,5.964e+09,735800000
Belgium,BEL,2005,36900000,5.45e+09,730400000
Belgium,BEL,2010,40200000,5.256e+09,709300000
Belize,BLZ,1985,1.8e+07,0,2e+06
Belize,BLZ,1990,1.9e+07,,
Belize,BLZ,1995,2e+07,,1.1e+07
Belize,BLZ,2000,68400000,21200000,11400000
Benin,BEN,1985,6.4e+07,1.5e+07,3.1e+07
Benin,BEN,1990,82300000,,32100000
Benin,BEN,1995,9.7e+07,,3.3e+07
Benin,BEN,2000,5.9e+07,3e+07,4.1e+07
Bhutan,BTN,1985,,2e+06,7200000
Bhutan,BTN,2010,3.18e+08,3e+06,1.7e+07
Bolivia,BOL,1985,1.054e+09,6.2e+07,1.24e+08
Bolivia,BOL,2000,1.777e+09,,
Bolivia,BOL,2010,1.92e+09,3.2e+07,1.36e+08
Bosnia and Herzegovina,BIH,2000,,,321800000
Bosnia and Herzegovina,BIH,2010,,48800000,
Botswana,BWA,1990,5.4e+07,2.3e+07,3.6e+07
Botswana,BWA,1995,63800000,27500000,52100000
Botswana,BWA,2000,8e+07,3.5e+07,7.9e+07
Botswana,BWA,2005,,38900000,87800000
Brazil,BRA,1995,3.343e+10,9.94e+09,1.15e+10
Brazil,BRA,2005,3.17e+10,1.014e+10,1.623e+10
Brazil,BRA,2010,4.49e+10,1.272e+10,1.721e+10
Brunei,BRN,1995,5300000,,
Brunei,BRN,2005,,,138900000
Brunei,BRN,2010,,,151500000
Bulgaria,BGR,1990,2.225e+09,4.852e+09,4.17e+08
Bulgaria,BGR,2000,7.43e+08,4.776e+09,1.07e+09
Bulgaria,BGR,2005,875900000,,
Bulgaria,BGR,2010,949400000,3.817e+09,948300000
Bulgaria,BGR,2015,828800000,3.901e+09,899600000
Burkina Faso,BFA,1985,2.3e+08,0,6e+07
Burkina Faso,BFA,1990,3.03e+08,0,7.3e+07
Burkina Faso,BFA,1995,,3e+06,88500000
Burkina Faso,BFA,2000,420700000,16100000,278900000
Burkina Faso,BFA,2005,420700000,21700000,375600000
Burundi,BDI,1985,6.4e+07,0,3.6e+07
Burundi,BDI,2000,2.22e+08,1.7e+07,4.9e+07
Burundi,BDI,2005,,1.5e+07,43100000
Cambodia,KHM,1985,,5200000,2.6e+07
Cambodia,KHM,2005,2.053e+09,3.3e+07,9.8e+07
Cameroon,CMR,1985,1.4e+08,7.6e+07,1.8e+08
Cameroon,CMR,1990,1.4e+08,7.6e+07,1.84e+08
Cameroon,CMR,2000,7.37e+08,68300000,161100000
Cameroon,CMR,2005,,104600000,246800000
Canada,CAN,1990,3.991e+09,3.6e+10,5.102e+09
Canada,CAN,1995,4.104e+09,3.291e+10,5.201e+09
Canada,CAN,2000,,3.157e+10,5.413e+09
Canada,CAN,2005,2.322e+09,3.312e+10,5.878e+09
Canada,CAN,2010,4.749e+09,,
Cape Verde,CPV,1990,2.2e+07,,
Cape Verde,CPV,2000,2e+07,4e+05,1600000
Cape Verde,CPV,2005,2.5e+07,,
Central African Republic,CAF,1985,4e+05,4e+06,1.5e+07
Central African Republic,CAF,2000,4e+05,1.1e+07,54800000
Central African Republic,CAF,2005,4e+05,1.2e+07,60100000
Chad,TCD,1985,1.48e+08,4e+06,2.9e+07
Chad,TCD,2000,672200000,88500000,88500000
Chad,TCD,2005,672200000,103700000,103700000
Chile,CHL,1975,,8.4e+08,1.008e+09
Chile,CHL,1990,,2.211e+09,1.095e+09
Chile,CHL,2000,,2.324e+09,1.043e+09
Chile,CHL,2005,2.942e+10,4.744e+09,1.267e+09
China,CHN,1980,3.912e+11,4.573e+10,6.769e+09
China,CHN,1985,4.152e+11,3.617e+10,2.969e+10
China,CHN,1990,4.15e+11,5e+10,3.5e+10
China,CHN,1995,4.077e+11,9.255e+10,2.516e+10
China,CHN,2000,3.784e+11,1.139e+11,5.75e+10
China,CHN,2005,3.6e+11,1.403e+11,7.1e+10
China,CHN,2010,3.88e+11,1.424e+11,7.29e+10
China,CHN,2015,3.852e+11,1.335e+11,7.94e+10
Colombia,COL,1995,3.308e+09,,
Colombia,COL,2000,4.92e+09,3.59e+08,2.467e+09
Colombia,COL,2010,6.391e+09,2.242e+09,3.134e+09
Comoros,COM,2000,4700000,5e+05,4800000
Congo,COG,1985,4400000,10800000,24800000
Congo,COG,2000,4e+06,1e+07,3.2e+07
Congo,COG,2005,,2.4e+07,63700000
Costa Rica,CRI,1995,,,7.57e+08
Costa Rica,CRI,2015,1.33e+09,2.6e+08,7.6e+08
Cote d'Ivoire,CIV,1985,4.75e+08,7.8e+07,1.56e+08
Cote d'Ivoire,CIV,1995,8e+08,2.7e+08,1.62e+08
Cote d'Ivoire,CIV,2000,6e+08,269600000,539200000
Cote d'Ivoire,CIV,2005,595300000,3.18e+08,635900000
Cote d'Ivoire,CIV,2010,595300000,,
Croatia,HRV,2000,5900000,62800000,
Croatia,HRV,2005,3200000,,
Croatia,HRV,2010,8600000,147700000,5.13e+08
Croatia,HRV,2015,,1.26e+08,507900000
Cuba,CUB,1975,,1.62e+08,7.29e+08
Cuba,CUB,1995,2.666e+09,7.65e+08,1.78e+09
Cuba,CUB,2005,2.476e+09,760700000,1.7e+09
Cuba,CUB,2010,3.569e+09,,
Cuba,CUB,2015,4.519e+09,7.4e+08,1.7e+09
Cyprus,CYP,1975,1.3e+08,0,2.5e+07
Cyprus,CYP,1980,1.4e+08,0,3.7e+07
Cyprus,CYP,1985,1.55e+08,0,4.5e+07
Cyprus,CYP,1990,1.66e+08,5e+06,5.5e+07
Cyprus,CYP,1995,1.56e+08,5e+06,5e+07
Cyprus,CYP,2000,160600000,3500000,46100000
Cyprus,CYP,2005,1.43e+08,8e+06,65600000
Cyprus,CYP,2010,1.71e+08,6e+06,78800000
Cyprus,CYP,2015,167600000,,84100000
Czechia,CZE,1995,2e+07,1.514e+09,958500000
Czechia,CZE,2000,18700000,,
Czechia,CZE,2005,29800000,,
Czechia,CZE,2010,43200000,,
Czechia,CZE,2015,4.4e+07,,
Democratic Republic of Congo,COD,1990,,5.8e+07,2.16e+08
Democratic Republic of Congo,COD,1995,8.3e+07,,
Democratic Republic of Congo,COD,2000,71900000,122900000,389300000
Democratic Republic of Congo,COD,2005,71900000,146800000,464900000
Denmark,DNK,1970,1.8e+08,8e+07,4.6e+08
Denmark,DNK,1975,4.6e+08,4.5e+07,7e+08
Denmark,DNK,1980,4.6e+08,4.5e+07,7e+08
Denmark,DNK,1985,7e+08,3.3e+08,674600000
Denmark,DNK,1990,4.65e+08,2.25e+08,5.71e+08
Denmark,DNK,1995,3.69e+08,,
Denmark,DNK,2000,165200000,61900000,440800000
Denmark,DNK,2005,117500000,42300000,4.11e+08
Denmark,DNK,2010,1.64e+08,1.28e+08,3.6e+08
Djibouti,DJI,1985,7e+06,0,1e+06
Djibouti,DJI,2000,3e+06,0,1.6e+07
Dominica,DMA,2010,1e+06,0,1.9e+07
Dominican Republic,DOM,2000,4.2e+09,6.5e+07,6e+08
Dominican Republic,DOM,2005,4.487e+09,2.59e+08,7.24e+08
Dominican Republic,DOM,2010,5.715e+09,5.86e+08,8.55e+08
East Timor,TLS,2000,,4400000,10700000
East Timor,TLS,2005,1.071e+09,2e+06,9.9e+07
Ecuador,ECU,2000,8.076e+09,385200000,907300000
Ecuador,ECU,2005,8.076e+09,5.49e+08,1.293e+09
Egypt,EGY,1995,5.071e+10,4.429e+09,3.729e+09
Egypt,EGY,2000,5.9e+10,4e+09,5.3e+09
Egypt,EGY,2010,6.7e+10,2e+09,9e+09
El Salvador,SLV,1990,3.36e+08,1.47e+08,2.46e+08
El Salvador,SLV,2000,7.6e+08,236900000,3.79e+08
El Salvador,SLV,2005,1.431e+09,2.13e+08,4.74e+08
Equatorial Guinea,GNQ,1985,6e+05,1300000,8100000
Equatorial Guinea,GNQ,2000,1e+06,2600000,13800000
Equatorial Guinea,GNQ,2005,,3e+06,15800000
Eritrea,ERI,2000,2.9e+08,61700000,61700000
Eritrea,ERI,2005,5.5e+08,1e+06,3.1e+07
Estonia,EST,1990,,2.253e+09,
Estonia,EST,1995,8e+06,1.262e+09,8.8e+07
Estonia,EST,2000,3e+07,,85200000
Estonia,EST,2005,7600000,,
Estonia,EST,2010,4500000,,
Estonia,EST,2015,5e+06,1.655e+09,6e+07
Eswatini,SWZ,1980,6.3e+08,1.6e+07,1.1e+07
Eswatini,SWZ,2000,1.006e+09,1.2e+07,2.4e+07
Eswatini,SWZ,2005,,20700000,41300000
Ethiopia,ETH,2000,5.204e+09,2.1e+07,3.33e+08
Ethiopia,ETH,2005,7e+09,51100000,8.1e+08
Ethiopia,ETH,2015,9.687e+09,,
Fiji,FJI,1985,1.8e+07,6e+06,6e+06
Fiji,FJI,2000,5e+07,8800000,22900000
Fiji,FJI,2005,5e+07,9600000,25300000
Finland,FIN,1990,2e+07,1.903e+09,4.24e+08
Finland,FIN,1995,5e+07,2.124e+09,4.12e+08
Finland,FIN,2000,5e+07,,4.04e+08
Finland,FIN,2005,5e+07,,409400000
Finland,FIN,2010,,,4e+08
Finland,FIN,2015,,,4.15e+08
France,FRA,1985,,2.451e+10,5.904e+09
France,FRA,1990,4.919e+09,2.832e+10,5.982e+09
France,FRA,1995,3.35e+09,2.11e+10,5.89e+09
France,FRA,2000,4.291e+09,2.211e+10,5.966e+09
France,FRA,2005,3.933e+09,2.179e+10,5.683e+09
France,FRA,2010,3.143e+09,2.161e+10,5.481e+09
Gabon,GAB,1985,3600000,13200000,43200000
Gabon,GAB,2000,40300000,11400000,68600000
Gabon,GAB,2005,40300000,14100000,84700000
Gambia,GMB,1980,18200000,4e+05,1400000
Gambia,GMB,2000,39200000,17400000,33900000
Gambia,GMB,2005,,21200000,41200000
Georgia,GEO,2000,,195200000,3.36e+08
Georgia,GEO,2005,1.055e+09,4e+08,3.58e+08
Germany,DEU,1990,1.6e+09,,
Germany,DEU,1995,1.6e+09,3.78e+10,5.8e+09
Germany,DEU,2000,1.14e+09,3.26e+10,5.409e+09
Germany,DEU,2005,131700000,,
Germany,DEU,2010,210900000,,
Ghana,GHA,1970,1.56e+08,3.9e+07,1.05e+08
Ghana,GHA,2000,6.52e+08,9.5e+07,2.35e+08
Ghana,GHA,2010,,,2.55e+08
Ghana,GHA,2015,,,2.51e+08
Greece,GRC,1970,2.425e+09,,
Greece,GRC,1975,3.576e+09,114800000,5.85e+08
Greece,GRC,1985,4.6e+09,2.4e+08,6.56e+08
Greece,GRC,1990,7.9e+09,,
Greece,GRC,1995,7.6e+09,233900000,861400000
Greece,GRC,2000,8.42e+09,,
Greece,GRC,2005,8.458e+09,325500000,846200000
Greece,GRC,2010,7.918e+09,,1.293e+09
Grenada,GRD,1995,2200000,,
Grenada,GRD,2015,2100000,0,1.2e+07
Guatemala,GTM,1990,,1.97e+08,1.04e+08
Guatemala,GTM,2000,1.472e+09,,429800000
Guatemala,GTM,2005,1.886e+09,603100000,8.35e+08
Guinea,GIN,1985,6.44e+08,2.2e+07,7.4e+07
Guinea,GIN,2000,292900000,52100000,208300000
Guinea,GIN,2005,,56200000,224800000
Guinea-Bissau,GNB,1990,6e+06,6e+05,1e+07
Guinea-Bissau,GNB,1995,1.44e+08,8e+06,2.3e+07
Guinea-Bissau,GNB,2000,1.44e+08,8e+06,2.3e+07
Guinea-Bissau,GNB,2005,,11900000,34100000
Guyana,GUY,1990,1.438e+09,7e+06,1.5e+07
Guyana,GUY,2000,1.6e+09,1e+07,3e+07
Guyana,GUY,2005,,20400000,61300000
Guyana,GUY,2010,1.363e+09,20400000,61300000
Haiti,HTI,1990,924600000,5400000,49900000
Haiti,HTI,1995,1.169e+09,4600000,1.11e+08
Haiti,HTI,2010,1.209e+09,5.1e+07,1.9e+08
Honduras,HND,1990,,7.6e+07,6.1e+07
Honduras,HND,2005,1.178e+09,1.14e+08,3.15e+08
Hungary,HUN,1970,6.65e+08,1.667e+09,6.48e+08
Hungary,HUN,1975,890300000,2.312e+09,763100000
Hungary,HUN,1985,2.286e+09,3.493e+09,571500000
Hungary,HUN,1990,9.49e+08,5.204e+09,984100000
Hungary,HUN,1995,455600000,4.726e+09,828800000
Hungary,HUN,2000,679600000,4.209e+09,831100000
Hungary,HUN,2005,305400000,4.486e+09,7.93e+08
Hungary,HUN,2010,3.22e+08,4.013e+09,7.16e+08
Hungary,HUN,2015,,,594500000
Iceland,ISL,1980,4e+06,1e+07,9.4e+07
Iceland,ISL,1985,4e+06,1e+07,9.8e+07
Iceland,ISL,1990,7e+07,1e+07,8.7e+07
Iceland,ISL,2000,7e+07,1.4e+07,8.1e+07
Iceland,ISL,2005,7e+07,1.4e+07,8.1e+07
Iceland,ISL,2010,3e+05,2e+08,9.4e+07
Iceland,ISL,2015,3e+05,1.98e+08,8e+07
India,IND,1975,3.534e+11,1.52e+10,1.14e+10
India,IND,1980,4.117e+11,1.26e+10,1.405e+10
India,IND,1985,4.68e+11,1.1e+10,1.836e+10
India,IND,1990,4.6e+11,1.5e+10,2.5e+10
India,IND,2000,5.584e+11,1e+10,4.2e+10
India,IND,2010,6.88e+11,1.7e+10,5.6e+10
Indonesia,IDN,1990,6.924e+10,3.76e+08,4.729e+09
Indonesia,IDN,2000,9.276e+10,7.398e+09,1.313e+10
Indonesia,IDN,2005,,2.465e+10,1.399e+10
Iran,IRN,1995,7.6e+10,1e+09,6e+09
Iran,IRN,2000,8.375e+10,1.025e+09,4.925e+09
Iran,IRN,2005,8.6e+10,1.1e+09,6.2e+09
Iraq,IRQ,1975,3.953e+10,4.5e+08,5.8e+08
Iraq,IRQ,1980,3.977e+10,3.1e+08,7.15e+08
Iraq,IRQ,1985,4e+10,1.7e+08,8.5e+08
Iraq,IRQ,1990,3.938e+10,2.14e+09,1.28e+09
Iraq,IRQ,1995,4.569e+10,5.92e+09,2.79e+09
Iraq,IRQ,2000,5.2e+10,9.7e+09,4.3e+09
Ireland,IRL,1970,1.79e+08,,
Ireland,IRL,1980,1.3e+08,5.27e+08,4.13e+08
Ireland,IRL,1995,1.79e+08,5.27e+08,4.7e+08
Ireland,IRL,2000,,,5.8e+08
Ireland,IRL,2005,,5.1e+07,6.79e+08
Ireland,IRL,2010,,,6.28e+08
Israel,ISR,1970,1.249e+09,7.5e+07,2.4e+08
Israel,ISR,1975,1.242e+09,82500000,307500000
Israel,ISR,1980,1.235e+09,9e+07,3.75e+08
Israel,ISR,1990,1.216e+09,1.06e+08,4.82e+08
Israel,ISR,2000,1.021e+09,1.22e+08,6.88e+08
Israel,ISR,2005,1.129e+09,1.13e+08,7.12e+08
Israel,ISR,2010,1.016e+09,,
Italy,ITA,1970,2.56e+10,9e+09,7e+09
Italy,ITA,1975,,1.209e+10,7.434e+09
Italy,ITA,1980,,1.517e+10,7.868e+09
Italy,ITA,1985,,1.384e+10,7.184e+09
Italy,ITA,1990,,1.25e+10,6.5e+09
Italy,ITA,2000,2.001e+10,1.629e+10,9.111e+09
Italy,ITA,2005,1.289e+10,,8.942e+09
Italy,ITA,2010,,,9.451e+09
Jamaica,JAM,1995,6.96e+08,6.5e+07,1.67e+08
Jamaica,JAM,2005,4.48e+08,7.6e+07,2.88e+08
Japan,JPN,1980,5.8e+10,1.65e+10,1.37e+10
Japan,JPN,1990,5.86e+10,1.58e+10,1.7e+10
Japan,JPN,1995,5.888e+10,1.401e+10,1.634e+10
Japan,JPN,2000,5.605e+10,1.232e+10,1.628e+10
Japan,JPN,2005,5.45e+10,1.278e+10,1.57e+10
Japan,JPN,2010,5.443e+10,1.161e+10,1.541e+10
Jordan,JOR,1975,2.93e+08,2.7e+07,1.31e+08
Jordan,JOR,1980,3.77e+08,2.5e+07,1.33e+08
Jordan,JOR,1985,4.61e+08,2.3e+07,1.35e+08
Jordan,JOR,1990,7.37e+08,3.3e+07,2.14e+08
Jordan,JOR,2000,5.17e+08,3.7e+07,2.49e+08
Jordan,JOR,2005,5.89e+08,4.9e+07,2.94e+08
Jordan,JOR,2010,4.62e+08,3.3e+07,3.54e+08
Jordan,JOR,2015,5.75e+08,3.8e+07,4.91e+08
Kazakhstan,KAZ,1995,2.741e+10,5.678e+09,5.83e+08
Kazakhstan,KAZ,2000,1.48e+10,4.07e+09,8.31e+08
Kazakhstan,KAZ,2005,1.403e+10,5.839e+09,8.53e+08
Kazakhstan,KAZ,2010,1.4e+10,6.263e+09,8.78e+08
Kenya,KEN,1990,1.566e+09,8e+07,4.03e+08
Kenya,KEN,2000,1.01e+09,,
Kenya,KEN,2005,1.75e+09,1e+08,4.7e+08
Kenya,KEN,2010,1.907e+09,1.25e+08,1.186e+09
Kuwait,KWT,1995,3.24e+08,1.3e+07,2.01e+08
Kuwait,KWT,2000,491900000,20800000,400500000
Kuwait,KWT,2005,,23300000,448300000
Kyrgyzstan,KGZ,1995,9.496e+09,2.89e+08,3.01e+08
Kyrgyzstan,KGZ,2000,9.45e+09,3.1e+08,3.2e+08
Kyrgyzstan,KGZ,2005,7.447e+09,3.36e+08,2.24e+08
Kyrgyzstan,KGZ,2010,7.1e+09,,
Laos,LAO,1985,,9.9e+07,79200000
Laos,LAO,2005,3.193e+09,1.7e+08,1.3e+08
Latvia,LVA,1995,3.6e+07,,
Latvia,LVA,2000,53200000,,
Latvia,LVA,2005,50600000,42600000,1.25e+08
Latvia,LVA,2010,40800000,56300000,163100000
Latvia,LVA,2015,36300000,52200000,159300000
Lebanon,LBN,1975,6.38e+08,3e+07,8.3e+07
Lebanon,LBN,1995,8.75e+08,5e+07,3.68e+08
Lebanon,LBN,2000,9.2e+08,78900000,434100000
Lebanon,LBN,2005,7.8e+08,1.5e+08,3.8e+08
Lesotho,LSO,1985,2.8e+07,1.1e+07,1.1e+07
Lesotho,LSO,2000,3800000,2e+07,2e+07
Liberia,LBR,1985,7.8e+07,16900000,35100000
Liberia,LBR,2000,12300000,47400000,71100000
Liberia,LBR,2005,,53400000,80200000
Libya,LBY,1985,1.965e+09,,3.93e+08
Libya,LBY,1990,4.28e+09,7e+07,4.1e+08
Libya,LBY,1995,4e+09,1e+08,5e+08
Libya,LBY,2000,3.584e+09,1.32e+08,6.1e+08
Libya,LBY,2010,4.85e+09,2.8e+08,7e+08
Lithuania,LTU,1995,8e+06,4.139e+09,2.05e+08
Lithuania,LTU,2000,5.3e+07,2.543e+09,1.72e+08
Lithuania,LTU,2005,81800000,,
Lithuania,LTU,2010,65600000,415900000,149900000
Luxembourg,LUX,1990,,,56100000
Luxembourg,LUX,1995,2e+05,14400000,4.2e+07
Luxembourg,LUX,2000,2e+05,14200000,46100000
Luxembourg,LUX,2010,2e+05,3700000,40600000
Luxembourg,LUX,2015,3e+05,2e+06,40800000
Madagascar,MDG,1985,1.614e+10,0,1.63e+08
Madagascar,MDG,2000,1.3e+10,130800000,238800000
Madagascar,MDG,2005,1.3e+10,161900000,3.95e+08
Malawi,MWI,1985,,2.7e+07,5.4e+07
Malawi,MWI,1990,,29800000,76800000
Malawi,MWI,1995,8.09e+08,3.2e+07,9.5e+07
Malawi,MWI,2000,1.166e+09,39900000,119600000
Malawi,MWI,2005,1.166e+09,47700000,143100000
Malaysia,MYS,1990,8.3e+09,9.99e+08,8.18e+08
Malaysia,MYS,1995,2.505e+09,1.641e+09,1.342e+09
Malaysia,MYS,2000,2.505e+09,3.747e+09,3.053e+09
Malaysia,MYS,2005,2.505e+09,4.788e+09,3.902e+09
Maldives,MDV,1985,0,1e+05,3300000
Maldives,MDV,2000,,2e+05,6200000
Maldives,MDV,2010,0,3e+05,5600000
Mali,MLI,1985,1.319e+09,1.4e+07,2.7e+07
Mali,MLI,1995,3.725e+09,,
Mali,MLI,2000,4.99e+09,,
Mali,MLI,2005,5.075e+09,4e+06,1.07e+08
Malta,MLT,1970,,,1.6e+07
Malta,MLT,1975,,,17900000
Malta,MLT,1985,,0,26900000
Malta,MLT,1995,7e+06,0,4.9e+07
Malta,MLT,2000,18900000,5e+05,34400000
Malta,MLT,2005,20300000,1e+06,34400000
Malta,MLT,2010,24100000,1e+06,14800000
Malta,MLT,2015,2.9e+07,1e+06,15300000
Mauritania,MRT,1980,6.13e+08,2.9e+07,8.8e+07
Mauritania,MRT,1985,1.5e+09,,1e+08
Mauritania,MRT,2000,1.5e+09,25300000,75900000
Mauritania,MRT,2005,1.223e+09,31800000,95400000
Mauritius,MUS,1975,276800000,24800000,58400000
Mauritius,MUS,1995,4.6e+08,4.7e+07,1.08e+08
Mauritius,MUS,2005,4.91e+08,2e+07,2.14e+08
Mexico,MEX,1995,6.25e+10,,
Mexico,MEX,2000,5.61e+10,6.9e+09,9.6e+09
Mexico,MEX,2005,6.057e+10,7.22e+09,1.116e+10
Mexico,MEX,2010,6.335e+10,7.403e+09,1.198e+10
Mexico,MEX,2015,6.536e+10,7.825e+09,1.248e+10
Moldova,MDA,1990,7.75e+08,9.19e+08,2.69e+08
Moldova,MDA,1995,3.5e+08,,
Moldova,MDA,2000,,991200000,1.64e+08
Moldova,MDA,2005,3.6e+07,882500000,1.46e+08
Moldova,MDA,2010,3.9e+07,,
Moldova,MDA,2015,3.8e+07,,
Monaco,MCO,1990,0,0,6700000
Monaco,MCO,1995,0,0,6e+06
Monaco,MCO,2000,0,0,5800000
Monaco,MCO,2005,0,0,5500000
Monaco,MCO,2010,0,0,5e+06
Mongolia,MNG,1995,2.27e+08,1.16e+08,8.5e+07
Mongolia,MNG,2005,2.24e+08,2.18e+08,9.8e+07
Mongolia,MNG,2010,2.42e+08,2.38e+08,7.1e+07
Montenegro,MNE,2005,6600000,67300000,
Montenegro,MNE,2010,1700000,62800000,96400000
Morocco,MAR,1990,1.018e+10,3.22e+08,5.43e+08
Morocco,MAR,1995,9.884e+09,,
Morocco,MAR,2000,1.105e+10,7.66e+08,3e+09
Morocco,MAR,2010,9.156e+09,2.12e+08,1.063e+09
Mozambique,MOZ,1990,5.4e+08,1.2e+07,5.3e+07
Mozambique,MOZ,2000,6.9e+08,24300000,169900000
Mozambique,MOZ,2005,,36200000,253700000
Mozambique,MOZ,2015,1.076e+09,2.5e+07,3.72e+08
Myanmar,MMR,1985,2.786e+10,118800000,277200000
Myanmar,MMR,2000,2.957e+10,332300000,3.323e+09
Myanmar,MMR,2005,,498400000,
Namibia,NAM,1985,1.15e+08,,
Namibia,NAM,1990,1.7e+08,8e+06,7.1e+07
Namibia,NAM,1995,191500000,10500000,7.1e+07
Namibia,NAM,2000,2.01e+08,1.4e+07,7.3e+07
Nepal,NPL,1995,,5e+06,2.46e+08
Nepal,NPL,2000,9.32e+09,40400000,202100000
Nepal,NPL,2005,9.32e+09,29500000,147600000
Netherlands,NLD,1990,1.84e+08,6.519e+09,1.28e+09
Netherlands,NLD,1995,2.3e+08,5.01e+09,1.267e+09
Netherlands,NLD,2000,52600000,7.558e+09,1.303e+09
Netherlands,NLD,2005,71900000,9.629e+09,1.248e+09
Netherlands,NLD,2010,60200000,9.446e+09,1.217e+09
New Zealand,NZL,1985,8.36e+08,1.9e+08,8.74e+08
New Zealand,NZL,2000,,2e+08,6.2e+08
New Zealand,NZL,2005,2.82e+09,9.39e+08,1.149e+09
New Zealand,NZL,2010,3.207e+09,1.184e+09,8.1e+08
Nicaragua,NIC,2000,1.18e+09,2.7e+07,1.81e+08
Nicaragua,NIC,2005,,73600000,
Nicaragua,NIC,2010,1.185e+09,73600000,2.86e+08
Niger,NER,1990,4.1e+08,1e+07,8e+07
Niger,NER,2000,,28400000,255400000
Niger,NER,2005,656500000,32700000,294400000
Niger,NER,2010,,13700000,61700000
Nigeria,NGA,1985,3.92e+09,5.45e+08,1.125e+09
Nigeria,NGA,2000,5.51e+09,1.554e+09,3.242e+09
Nigeria,NGA,2005,5.51e+09,1.965e+09,4.099e+09
Nigeria,NGA,2010,5.51e+09,1.965e+09,5e+09
North Korea,PRK,1985,,2.27e+09,1.56e+09
North Korea,PRK,1995,6.61e+09,,
North Korea,PRK,2000,,1.088e+09,857600000
North Korea,PRK,2005,6.61e+09,1.145e+09,902800000
North Macedonia,MKD,1995,1.066e+09,2.74e+08,2.15e+08
North Macedonia,MKD,2000,281400000,139700000,212100000
North Macedonia,MKD,2005,125500000,199300000,226400000
North Macedonia,MKD,2015,,1.07e+08,231700000
Norway,NOR,1990,,,7.5e+08
Norway,NOR,1995,7.3e+08,9.09e+08,7.81e+08
Norway,NOR,2000,8.08e+08,7.83e+08,8.08e+08
Norway,NOR,2005,844900000,1.233e+09,948200000
Norway,NOR,2010,,1.071e+09,8.16e+08
Norway,NOR,2015,,,8.38e+08
Oman,OMN,1990,1.148e+09,1.9e+07,5.6e+07
Oman,OMN,2000,1.23e+09,3e+07,1e+08
Oman,OMN,2005,1.168e+09,1.9e+07,1.34e+08
Pakistan,PAK,1975,1.503e+11,1.534e+09,1.534e+09
Pakistan,PAK,1990,1.506e+11,2.5e+09,2.5e+09
Pakistan,PAK,2000,1.627e+11,3.47e+09,6.39e+09
Pakistan,PAK,2005,,,8e+09
Pakistan,PAK,2010,1.724e+11,1.4e+09,9.65e+09
Palestine,PSE,2000,1.67e+08,14600000,101400000
Palestine,PSE,2005,1.89e+08,2.9e+07,2e+08
Panama,PAN,2000,,1.5e+07,206700000
Panama,PAN,2005,,19100000,262900000
Panama,PAN,2010,4.46e+08,1e+07,5.81e+08
Papua New Guinea,PNG,1985,,2.2e+07,2.9e+07
Papua New Guinea,PNG,2000,1e+06,115900000,154500000
Papua New Guinea,PNG,2005,1e+06,167600000,223500000
Paraguay,PRY,1985,335400000,30100000,64500000
Paraguay,PRY,2000,3.5e+08,4e+07,1e+08
Paraguay,PRY,2010,1.897e+09,1.54e+08,3.62e+08
Peru,PER,1990,,,1.26e+09
Peru,PER,2010,1.212e+10,2.89e+08,1.254e+09
Philippines,PHL,1995,,2.296e+09,4.269e+09
Philippines,PHL,2000,,2.907e+09,5.406e+09
Philippines,PHL,2005,6.559e+10,7.458e+09,5.848e+09
Philippines,PHL,2010,6.707e+10,8.254e+09,6.235e+09
Poland,POL,1970,1.681e+09,,
Poland,POL,1975,1.662e+09,,
Poland,POL,1980,1.323e+09,,
Poland,POL,1985,1.606e+09,,
Poland,POL,1990,1.37e+09,9.18e+09,2.84e+09
Poland,POL,1995,1.083e+09,9.425e+09,2.292e+09
Poland,POL,2000,1.108e+09,,
Poland,POL,2005,1.122e+09,,
Poland,POL,2010,1.102e+09,,
Portugal,PRT,1990,5.1e+09,3.1e+09,4e+08
Portugal,PRT,1995,1e+10,,
Portugal,PRT,2000,8.767e+09,1.497e+09,8.72e+08
Portugal,PRT,2005,,,976300000
Portugal,PRT,2010,,,910500000
Puerto Rico,PRI,1990,206300000,3.435e+09,568900000
Puerto Rico,PRI,2000,130600000,3.041e+09,709900000
Puerto Rico,PRI,2005,73900000,3.184e+09,903700000
Puerto Rico,PRI,2010,64100000,3.15e+09,938600000
Qatar,QAT,1975,,,3.5e+07
Qatar,QAT,1995,210600000,8400000,65900000
Qatar,QAT,2000,2.1e+08,13900000,7e+07
Qatar,QAT,2005,2.62e+08,8e+06,1.74e+08
Romania,ROU,1970,3.4e+09,4.72e+09,1.47e+09
Romania,ROU,1975,5.75e+09,6.65e+09,2e+09
Romania,ROU,1980,6.79e+09,9.81e+09,2.2e+09
Romania,ROU,1985,8.49e+09,9.34e+09,2.67e+09
Romania,ROU,1990,9.1e+09,9.06e+09,2.25e+09
Romania,ROU,1995,2.98e+09,7.43e+09,2.05e+09
Romania,ROU,2000,1.192e+09,6.17e+09,1.86e+09
Romania,ROU,2005,1.099e+09,,
Romania,ROU,2010,1.093e+09,4.336e+09,1.053e+09
Romania,ROU,2015,1.135e+09,4.303e+09,9.8e+08
Russia,RUS,1995,1.53e+10,4.75e+10,1.43e+10
Russia,RUS,2000,1.32e+10,3.96e+10,1.34e+10
Rwanda,RWA,1985,,1.2e+07,3.6e+07
Rwanda,RWA,2000,1.02e+08,1.2e+07,3.6e+07
Rwanda,RWA,2005,,20500000,61400000
Saint Kitts and Nevis,KNA,1995,2e+05,,
Saint Kitts and Nevis,KNA,2010,2e+05,0,15400000
Saint Lucia,LCA,2005,30400000,0,12500000
Saint Vincent and the Grenadines,VCT,1990,10100000,,
Saint Vincent and the Grenadines,VCT,2015,0,2000,8500000
Saudi Arabia,SAU,1990,1.531e+10,1.93e+08,1.517e+09
Saudi Arabia,SAU,2000,,289700000,2.277e+09
Saudi Arabia,SAU,2005,2.083e+10,7.1e+08,2.13e+09
Senegal,SEN,1985,1.251e+09,4.1e+07,6.8e+07
Senegal,SEN,2000,2.065e+09,5.8e+07,9.8e+07
Serbia,SRB,2005,128200000,,
Serbia,SRB,2010,97400000,,
Serbia,SRB,2015,116700000,,
Seychelles,SYC,1990,9e+05,1100000,9900000
Seychelles,SYC,2000,,1200000,10800000
Seychelles,SYC,2005,9e+05,3800000,9e+06
Sierra Leone,SLE,1985,3.29e+08,1.5e+07,2.6e+07
Sierra Leone,SLE,1990,45700000,,
Sierra Leone,SLE,2000,45700000,47700000,95500000
Sierra Leone,SLE,2005,45700000,55500000,1.11e+08
Singapore,SGP,1975,7600000,96900000,85500000
Singapore,SGP,2000,,9.94e+08,877100000
Singapore,SGP,2005,,1.221e+09,1.078e+09
Slovakia,SVK,1995,6.7e+07,7.61e+08,4.82e+08
Slovakia,SVK,2000,5.6e+07,622500000,415900000
Slovakia,SVK,2005,22500000,3.07e+08,358500000
Slovakia,SVK,2010,30700000,328800000,305800000
Slovakia,SVK,2015,22900000,,
Slovenia,SVN,1990,3700000,,259300000
Slovenia,SVN,1995,4800000,,253600000
Slovenia,SVN,2000,6600000,705500000,187100000
Slovenia,SVN,2005,4600000,762900000,167400000
Slovenia,SVN,2010,2300000,764100000,161700000
Slovenia,SVN,2015,3600000,9.88e+08,1.64e+08
Somalia,SOM,1985,7.86e+08,0,2.4e+07
Somalia,SOM,2000,3.28e+09,0,1e+07
Somalia,SOM,2005,3.281e+09,2e+06,1.5e+07
South Africa,ZAF,1990,9.58e+09,1.448e+09,2.281e+09
South Africa,ZAF,1995,8.708e+09,1.102e+09,3.092e+09
South Africa,ZAF,2000,7.836e+09,1.052e+09,3.904e+09
South Africa,ZAF,2005,,947500000,
South Africa,ZAF,2015,9.69e+09,1.625e+09,4.185e+09
South Korea,KOR,1975,,,2.27e+09
South Korea,KOR,1990,1.41e+10,2e+09,4.47e+09
South Korea,KOR,1995,1.529e+10,3.28e+09,6.87e+09
South Korea,KOR,2000,1.61e+10,4.45e+09,8.613e+09
South Korea,KOR,2005,1.596e+10,,6.924e+09
South Sudan,SSD,2010,2.4e+08,2.25e+08,1.93e+08
Spain,ESP,1985,2.843e+10,1.192e+10,5.502e+09
Spain,ESP,1990,2.37e+10,6.4e+09,6.8e+09
Spain,ESP,1995,2.341e+10,6.68e+09,4.509e+09
Spain,ESP,2000,2.304e+10,7.447e+09,5.448e+09
Spain,ESP,2005,2.318e+10,6.495e+09,5.898e+09
Spain,ESP,2010,2.547e+10,6.572e+09,5.308e+09
Sri Lanka,LKA,1990,9.379e+09,1.95e+08,1.95e+08
Sri Lanka,LKA,2000,1.2e+10,513600000,4.97e+08
Sri Lanka,LKA,2005,1.131e+10,8.31e+08,8.05e+08
Sudan,SDN,2010,2.591e+10,7.5e+07,9.5e+08
Suriname,SUR,1985,4.1e+08,2.2e+07,2.8e+07
Suriname,SUR,2000,6.2e+08,2e+07,3e+07
Suriname,SUR,2005,431100000,135500000,49300000
Sweden,SWE,1970,1.32e+08,2.96e+09,9.81e+08
Sweden,SWE,1975,1.37e+08,2.96e+09,1.038e+09
Sweden,SWE,1980,1.4e+08,2.96e+09,1.006e+09
Sweden,SWE,1990,1.74e+08,1.783e+09,1.016e+09
Sweden,SWE,1995,1.5e+08,1.509e+09,1.052e+09
Sweden,SWE,2000,1.35e+08,1.503e+09,1.038e+09
Sweden,SWE,2005,1.07e+08,1.523e+09,1e+09
Sweden,SWE,2010,9.8e+07,1.572e+09,1.019e+09
Switzerland,CHE,1970,,,1.14e+09
Switzerland,CHE,1975,,,1.129e+09
Switzerland,CHE,1980,,,1.103e+09
Switzerland,CHE,1985,,,1.143e+09
Switzerland,CHE,1990,,,1.192e+09
Switzerland,CHE,1995,,,1.056e+09
Switzerland,CHE,2000,5e+07,,1.069e+09
Switzerland,CHE,2005,,,9.81e+08
Switzerland,CHE,2010,160100000,642700000,1.202e+09
Switzerland,CHE,2015,,,9.17e+08
Syria,SYR,1995,1.284e+10,4.18e+08,1.169e+09
Syria,SYR,2000,1.441e+10,5.69e+08,1.38e+09
Syria,SYR,2005,1.467e+10,615400000,1.475e+09
Tajikistan,TJK,1995,1.096e+10,5.01e+08,4.12e+08
Tajikistan,TJK,2000,1.096e+10,5.6e+08,4.4e+08
Tajikistan,TJK,2005,1.044e+10,407800000,6.47e+08
Tanzania,TZA,1970,,2.4e+07,1.01e+08
Tanzania,TZA,1995,1.04e+09,,
Tanzania,TZA,2000,4.632e+09,2.5e+07,5.27e+08
Thailand,THA,1980,,1.123e+09,8.98e+08
Thailand,THA,1985,,1.297e+09,1.262e+09
Thailand,THA,1990,,1.436e+09,1.496e+09
Thailand,THA,2005,5.179e+10,2.777e+09,2.739e+09
Togo,TGO,1985,2.3e+07,1.2e+07,5.6e+07
Togo,TGO,2000,7.6e+07,4e+06,8.9e+07
Togo,TGO,2005,,6300000,140700000
Trinidad and Tobago,TTO,1995,15600000,93800000,187600000
Trinidad and Tobago,TTO,2000,1.7e+07,9.9e+07,1.98e+08
Trinidad and Tobago,TTO,2005,1.5e+07,1.16e+08,2.14e+08
Trinidad and Tobago,TTO,2010,16700000,128900000,237600000
Tunisia,TUN,1990,2.728e+09,8.6e+07,2.61e+08
Tunisia,TUN,1995,2.446e+09,9.8e+07,3.13e+08
Tunisia,TUN,2000,2.165e+09,1.1e+08,3.65e+08
Tunisia,TUN,2010,2.644e+09,1.65e+08,4.96e+08
Turkey,TUR,1990,2.29e+10,3.5e+09,5.2e+09
Turkey,TUR,2000,3.15e+10,4.1e+09,6.4e+09
Turkey,TUR,2005,2.96e+10,4.3e+09,6.2e+09
Turkey,TUR,2010,3.4e+10,,
Turkmenistan,TKM,1995,2.329e+10,1.39e+08,3.49e+08
Turkmenistan,TKM,2000,2.404e+10,270100000,5.97e+08
Turkmenistan,TKM,2005,2.636e+10,8.39e+08,7.55e+08
Uganda,UGA,1970,1.2e+08,1.6e+07,6.4e+07
Uganda,UGA,2000,1.2e+08,4.6e+07,151400000
Uganda,UGA,2010,2.59e+08,5e+07,3.28e+08
Ukraine,UKR,1990,7.865e+09,1.35e+10,4.637e+09
Ukraine,UKR,2000,5.485e+09,9.486e+09,3.311e+09
Ukraine,UKR,2005,4.525e+09,7.24e+09,3.318e+09
Ukraine,UKR,2010,4.454e+09,7.126e+09,3.266e+09
United Arab Emirates,ARE,1980,7.2e+08,8.1e+07,9.9e+07
United Arab Emirates,ARE,1995,1.408e+09,2e+08,5e+08
United Arab Emirates,ARE,2000,2.279e+09,111300000,513800000
United Arab Emirates,ARE,2005,3.312e+09,6.9e+07,6.17e+08
United Kingdom,GBR,1980,,,6.975e+09
United Kingdom,GBR,1985,,,7.143e+09
United Kingdom,GBR,1990,668100000,,
United Kingdom,GBR,1995,1.723e+09,,
United Kingdom,GBR,2000,1.308e+09,7.19e+09,7.312e+09
United Kingdom,GBR,2005,1.33e+09,1.193e+09,5.99e+09
United Kingdom,GBR,2010,1.049e+09,,5.866e+09
United States,USA,1970,1.001e+11,,
United States,USA,1975,1.065e+11,,
United States,USA,1980,1.171e+11,,
United States,USA,1990,1.947e+11,3.039e+11,6.067e+10
United States,USA,2000,1.965e+11,2.988e+11,6.4e+10
United States,USA,2005,1.919e+11,3.051e+11,6.544e+10
United States,USA,2010,1.751e+11,2.484e+11,6.209e+10
Uruguay,URY,1965,591500000,19500000,3.9e+07
Uruguay,URY,2000,3.17e+09,8e+07,4.1e+08
Uzbekistan,UZB,1995,5.437e+10,1.103e+09,2.582e+09
Uzbekistan,UZB,2000,5.478e+10,2.35e+09,3.45e+09
Uzbekistan,UZB,2005,5.04e+10,1.5e+09,4.1e+09
Venezuela,VEN,1970,1.886e+09,4.51e+08,1.763e+09
Venezuela,VEN,2000,3.97e+09,683100000,4.411e+09
Venezuela,VEN,2005,1.671e+10,793300000,5.123e+09
Venezuela,VEN,2010,1.671e+10,,
Vietnam,VNM,1980,3.504e+10,1.5e+09,1.32e+09
Vietnam,VNM,1985,4.065e+10,2.87e+09,1.75e+09
Vietnam,VNM,1990,4.7e+10,,
Vietnam,VNM,2000,,3.263e+09,1.051e+09
Vietnam,VNM,2005,7.775e+10,3.074e+09,1.206e+09
Yemen,YEM,1990,2.7e+09,3.1e+07,2.01e+08
Yemen,YEM,2000,3.06e+09,6.8e+07,2.72e+08
Yemen,YEM,2005,3.235e+09,6.5e+07,2.65e+08
Zambia,ZMB,1990,1.339e+09,1.07e+08,3.01e+08
Zambia,ZMB,1995,1.318e+09,1.18e+08,2.7e+08
Zambia,ZMB,2000,1.152e+09,1.3e+08,2.9e+08
Zimbabwe,ZWE,1985,9.64e+08,8.5e+07,
Zimbabwe,ZWE,2000,3.318e+09,2.98e+08,
Zimbabwe,ZWE,2005,2.93e+09,2.15e+08,
