iso3_r250_label,iso3_r250_id,iso3_r250_name,wateruse_gep
AFG,4,Afghanistan,17857712077.4396
AGO,24,Angola,101857260801.604
ALB,8,Albania,9859855655.258
ARE,784,United Arab Emirates,166087123681.408
ARG,32,Argentina,488402035265.35
ARM,51,Armenia,10544769866.24
ATG,28,Antigua and Barbuda,1429336215.4168
AUS,36,Australia,1228791957524.74
AUT,40,Austria,365968094995.728
AZE,31,Azerbaijan,47906072710.778
BDI,108,Burundi,1990556473.3398
BEL,56,Belgium,438625065753.086
BEN,204,Benin,9154306235.479
BFA,854,Burkina Faso,9915441780.7635
BGD,50,Bangladesh,286125699551.5
BGR,100,Bulgaria,47789659974.879
BHR,48,Bahrain,33977033962.9544
BHS,44,Bahamas,8987293952.309
BIH,70,Bosnia and Herzegovina,14527594343.3081
BLR,112,Belarus,47392133144.041
BLZ,84,Belize,1783298243.5662
BOL,68,Bolivia,29782611524.4542
BRA,76,Brazil,1508987465601.04
BRB,52,Barbados,4158394480.3212
BRN,96,Brunei,5231588958.9598
BTN,64,Bhutan,2274558281.92
BWA,72,Botswana,15109008992.6986
CAF,140,Central African Republic,1266764957.9198
CAN,124,Canada,1548510368574.65
CHE,756,Switzerland,171863003923.782
CHL,152,Chile,232538406822.05
CHN,156,China,14618796999762.4
CIV,384,Côte d'lvoire,12150821904.148
CMR,120,Cameroon,28095799533.5912
COD,180,Democratic Republic of the Congo,15833286918.9659
COG,178,Republic of the Congo,9726961096.0012
COL,170,Colombia,272581038853.564
COM,174,Comoros,689250170.715
CPV,132,Cabo Verde,1788869965.96883
CRI,188,Costa Rica,57816527657.2241
CUB,192,Cuba,87357592716.506
CYP,196,Cyprus,21626766172.935
CZE,203,Czechia,60937949237.368
DEU,276,Germany,871189701059.656
DJI,262,Djibouti,38815241.901
DMA,212,Dominica,3985.592
DNK,208,Denmark,63995689027.9708
DOM,214,Dominican Republic,26013950150.2045
DZA,12,Algeria,155034232346.047
ECU,218,Ecuador,36524812621.011
EGY,818,Egypt,170687888269.8
ERI,232,Eritrea,701566811.031
ESP,724,Spain,232517333683.398
EST,233,Estonia,5406710669.358
ETH,231,Ethiopia,22292727485.1955
FIN,246,Finland,53949959222
FJI,242,Fiji,752978601.2472
FRA,250,France,402613471451.317
GAB,266,Gabon,7194067032.8941
GBR,826,United Kingdom,483722289605.818
GEO,268,Georgia,3358738510.615
GHA,288,Ghana,18655824910.54
GIN,324,Guinea,3494277804.3
GMB,270,Gambia,259532361.3132
GNB,624,Guinea-Bissau,181646320.4911
GNQ,226,Equatorial Guinea,5136913040.208
GRC,300,Greece,23932129844.198
GRD,308,Grenada,4160554.0095
GTM,320,Guatemala,15516017562.51
GUY,328,Guyana,1424780456.517
HND,340,Honduras,5874790172.592
HRV,191,Croatia,45521319236.826
HTI,332,Haiti,3658051226.802
HUN,348,Hungary,33469677908.7297
IDN,360,Indonesia,460987811378.955
IND,356,India,939149744197
IRL,372,Ireland,126585534244.556
IRN,364,Iran,151297629725.8
IRQ,368,Iraq,107387197348.51
ISL,352,Iceland,3253593636.2751
ISR,376,Israel,62995029827.8447
ITA,380,Italy,379787150435.5
JAM,388,Jamaica,2678795190.68216
JOR,400,Jordan,10142393465.2264
JPN,392,Japan,1212584594403.8
KAZ,398,Kazakhstan,68638687439.808
KEN,404,Kenya,12992666358.537
KGZ,417,Kyrgyzstan,2845459356.952
KHM,116,Cambodia,18097888933.59
KNA,659,Saint Kitts and Nevis,81890.5058
KOR,410,South Korea,519318264337.83
KWT,414,Kuwait,64313784896.3806
LAO,418,Laos,4965300388.91
LBN,422,Lebanon,6019209639.4
LBR,430,Liberia,202767030.8922
LBY,434,Libya,29073487046.15
LCA,662,Saint Lucia,60765.3136
LIE,438,Liechtenstein,0
LKA,144,Sri Lanka,30981614852.151
LSO,426,Lesotho,589077075.039
LTU,440,Lithuania,11033084970.5288
LUX,442,Luxembourg,6942391511.1716
LVA,428,Latvia,5042633074.20794
MAR,504,Morocco,32447226571.692
MCO,492,Monaco,0
MDA,498,Moldova,1920872093.57
MDG,450,Madagascar,4235039421.4684
MDV,462,Maldives,552326745.4569
MEX,484,Mexico,398018996088.884
MKD,807,North Macedonia,2539068145.61987
MLI,466,Mali,3884175821.501
MLT,470,Malta,1636484465.81852
MMR,104,Myanmar,32816191648.6712
MNE,499,Montenegro,551327636.413882
MNG,496,Mongolia,5211756516.9123
MOZ,508,Mozambique,3966248656.029
MRT,478,Mauritania,2282644665.806
MUS,480,Mauritius,2230880771.64
MWI,454,Malawi,1749307242.9928
MYS,458,Malaysia,129642338899.416
NAM,516,Namibia,2670958993.64326
NER,562,Niger,2313602182.89045
NGA,566,Nigeria,136960230367.195
NIC,558,Nicaragua,2919531586.46038
NLD,528,Netherlands,138802267868.926
NOR,578,Norway,110711619827.36
NPL,524,Nepal,9290306524.2675
NZL,554,New Zealand,49322568437.375
OMN,512,Oman,42476587909.672
PAK,586,Pakistan,122094743224.8
PAN,591,Panama,17650402460.9528
PER,604,Peru,69041316144.69
PHL,608,Philippines,120458221595.649
PNG,598,Papua New Guinea,8826005700.9092
POL,616,Poland,143969730449.158
PRI,630,Puerto Rico,47174140189.464
PRK,408,North Korea,8381942793.14
PRT,620,Portugal,37281687237.668
PRY,600,Paraguay,10648605004.429
PSE,275,Palestine,3737175761.7668
QAT,634,Qatar,94575548475.3311
ROU,642,Romania,53631997915.652
RUS,643,Russia,423999216441.48
RWA,646,Rwanda,2065121681.93
SAU,682,Saudi Arabia,334644590553.6
SDN,729,Sudan,24577871390.805
SEN,686,Senegal,5057957255.50286
SGP,702,Singapore,80196684349.1948
SLE,694,Sierra Leone,444696092.5347
SLV,222,El Salvador,5675972955.49685
SOM,706,Somalia,1200135916.497
SRB,688,Serbia,9832781698.5517
SSD,728,South Sudan,3193680155.745
STP,678,São Tomé and Príncipe,50444581.9428
SUR,740,Suriname,2131759586.2132
SVK,703,Slovakia,25840701018.2331
SVN,705,Slovenia,13169293738.629
SWE,752,Sweden,106432308755.488
SWZ,748,Swaziland,1539788403.9454
SYC,690,Seychelles,190381393.3554
SYR,760,Syria,6187632972.3916
TCD,148,Chad,9676839557.2589
TGO,768,Togo,1099322692.2935
THA,764,Thailand,159972089935.688
TJK,762,Tajikistan,4992778142.968
TKM,795,Turkmenistan,18221928206.6268
TLS,626,Timor-Leste,675018088.099
TTO,780,Trinidad and Tobago,7925067707.511
TUN,788,Tunisia,12445429977.6124
TUR,792,Turkey,256464522151.944
TZA,834,Tanzania,19174247177.101
UGA,800,Uganda,8204837238.469
UKR,804,Ukraine,19700569229.078
URY,858,Uruguay,9600717508.58292
USA,840,United States,3315962541531.7
UZB,860,Uzbekistan,56699412536.117
VCT,670,Saint Vincent and the Grenadines,88162086.736666
VEN,862,Venezuela,83978238955.1439
VNM,704,Vietnam,122636367915.084
YEM,887,Yemen,5757426313.975
ZAF,710,South Africa,76517018883.5
ZMB,894,Zambia,7599397621.158
ZWE,716,Zimbabwe,6182746390.19225
