iso3_r250_label,Year,n_TotalRetention(kg),n_EstimatedRetention(kg),n_Price(usd),n_ServiceValue(usd),p_TotalRetention(kg),p_EstimatedRetention(kg),p_Price(usd),p_ServiceValue(usd),DomesticWaterUseFraction
ITA,2019,1467765793.9722624,401731247.0711524,11.727279,4711214417.421337,619175730.341775,169469979.0170294,40.920868,6934858641.31863,0.2737025544
NLD,2019,NA,NA,18.574432,NA,NA,NA,64.813133,NA,0.23045807029999998
ESH,2019,740570424.7394433,170670431.00670347,6.349662612,1083699654.7371905,37527495.30552546,8648514.151303705,22.15634831,191619491.90024891,0.23045807029999998
CUB,2019,248845537.26758417,60789971.73988678,3.2020202,194650717.46854663,163534881.70458257,39949604.66828634,11.173047,446358810.59018266,0.24428797240000003
MAR,2019,1693371844.351121,172567756.73613188,1.2167124,209965329.4610352,354905611.8440005,36167641.20254518,4.2455645,153552053.53826314,0.1019077749
ISR,2019,100643499.38165432,41550188.43887258,15.347433,637688733.2029716,27078393.113450825,11179185.376088396,53.55294,598678243.6945393,0.41284522789999994
ZWE,2019,1156390021.6792648,172623194.5177669,0.58403081,100817264.11899896,460028670.85323626,68672002.73583257,2.0379021,139946818.58655897,0.1492776583
NCL,2019,73195276.58257905,16868442.196295943,11.588043,195472233.51369184,31718163.381334707,7309706.72632252,40.435024,295568166.9118125,0.23045807029999998
MAF,2019,NA,NA,6.6012263,NA,NA,NA,23.034151,NA,0.23045807029999998
ISL,2019,NA,NA,23.741253,NA,NA,NA,82.842102,NA,0.2891401801
MAC,2019,91731.43406047413,21140.24927942856,28.428816,600992.2569590071,29584.919014066458,6818.083345963534,99.198761,676345.420314317,0.23045807029999998
QAT,2019,33281966.115688074,7670097.686811459,23.182552,177812438.46958637,2659264.369569294,612848.9350284855,80.892586,49574935.18180017,0.23045807029999998
SVK,2019,293638697.1567998,156423421.2180144,6.7305956,1052822790.5869143,131415275.31395584,70005851.28580427,23.485569,1644127250.776495,0.5327071082
KOR,2019,280618992.4987239,64670911.50078609,11.064698,715564105.1409248,138579289.4215454,31936715.62363455,38.608875,1233040661.4234533,0.23045807029999998
KWT,2019,-16096708.493406512,-3709616.377572085,10.997234,-40795519.35439257,1462019.5289420485,336934.1993808995,38.373466,12929333.044180168,0.23045807029999998
SVN,2019,87661179.92891489,15652093.830939256,8.9531202,140135077.45007765,44356775.98731782,7919998.571254069,31.240788,247426996.32485124,0.1785521692
THA,2019,1917169281.0363598,91633104.05267444,2.6378815,241717269.96812496,900410068.8914051,43036037.740079515,9.2045565,396127640.91469425,0.0477960423
VNM,2019,950904347.8679895,219143581.04953676,1.1934066,261527395.9721521,445431542.1531396,102653293.65536565,4.1642423,427473187.6739952,0.23045807029999998
OMN,2019,581982259.5009183,36151807.30072623,6.6522579,240491145.71553373,40572977.79127879,2520328.4993339926,23.212219,58502417.078481995,0.06211840088
MYT,2019,304482.03943107754,70170.34324829464,6.349662612,445558.0049949031,198070.75175578147,45647.00323250773,22.15634831,1011370.9029271372,0.23045807029999998
MYS,2019,685600201.5301437,167652235.87199697,3.7874444,634973521.900874,402685842.9202389,98470189.72413409,13.215812,1301363514.998488,0.24453352769999998
BRN,2019,9896163.612239966,2280650.7694499,10.552835,24067331.262627833,5668611.709840827,1306377.3159299004,36.822792,48104460.17800501,0.23045807029999998
SMR,2019,439344.5494364205,101250.49705994042,16.171625,1637385.069516959,184753.73216950893,42577.98859650806,56.428844,2402626.676346132,0.23045807029999998
GNQ,2019,42474119.13694152,33893489.00912453,2.3598802,79984573.6215506,29437067.831084087,23490185.44156078,8.2345057,193430065.91258925,0.797979798
SEN,2019,494639706.8574545,46581463.93745879,0.49637598,23121919.811790764,202620106.99041396,19081244.54209649,1.7320416,33049509.32668407,0.09417251242
VEN,2019,1963458109.6077485,452494767.05508757,6.349662612,2873189104.495339,894221762.8239219,206080621.8806653,22.15634831,4565994038.329428,0.23045807029999998
BRB,2019,1402142.116214215,323134.96638908633,7.1390433,2306874.516795732,646683.2448343635,149033.37269986983,24.910795,3712539.7954850537,0.23045807029999998
BRA,2019,19445332651.46466,4778696651.600691,3.1318121,14965979995.712528,8634864867.539635,2122020773.2691092,10.928065,23189580941.63509,0.2457503164
TGO,2019,178774179.3236626,112796085.33367327,0.28657168,32324163.671494108,86664217.4877809,54680069.05756708,0.99995583,54677653.83891681,0.630941704
POL,2019,149624042.14468032,30404437.916856747,5.5057559,167399413.44691774,68961504.72519591,14013361.482660552,19.211645,269219726.0615482,0.2032055643
SUR,2019,200721010.19025028,16066805.97973482,2.2993643,36943440.08482877,138989830.37237668,11125505.175729234,8.023344,89263755.1986561,0.08004546192999999
FLK,2019,0.0,0.0,6.349662612,0.0,0.0,0.0,22.15634831,0.0,0.23045807029999998
AGO,2019,5114895537.539619,2315399722.587957,0.75950664,1758561463.5597112,763484748.8435057,345612605.9072416,2.650203,915943565.0131893,0.4526778124
TZA,2019,1974252184.491359,200700405.29514915,0.36879176,74016655.70151138,847471366.0164485,86153049.73278067,1.2868525,110866267.43125312,0.1016589506
IRQ,2019,1382055797.5932682,113237780.94297281,1.967167,222757625.824245,264496137.49525106,21671307.142668683,6.864182,148755796.4051778,0.08193430478
UKR,2019,4238992565.1465244,1067434131.6976196,1.255475,1340136866.4930687,1879657002.9954882,473322377.9109142,4.3808222,2073541180.9089224,0.2518131644
MHL,2019,NA,NA,1.8355398,NA,NA,NA,6.4048853,NA,0.23045807029999998
ERI,2019,386716323.1398079,20598292.125618123,6.349662612,130792205.3810914,104303932.38508493,5555707.738620509,22.15634831,123094195.76543844,0.05326460481
TON,2019,NA,NA,1.6220688,NA,NA,NA,5.6600051,NA,0.23045807029999998
IRN,2019,14003661337.012672,3227256768.862658,1.3288006,4288380730.818762,2039850554.119442,470100022.4027523,4.6366825,2179704547.1244493,0.23045807029999998
CCK,2019,NA,NA,6.349662612,NA,NA,NA,22.15634831,NA,0.23045807029999998
NRU,2019,NA,NA,3.7377224,NA,NA,NA,13.042313,NA,0.23045807029999998
VUT,2019,20845067.93352272,4803914.131232054,1.1124377,5344055.187145284,14672722.973495722,3381447.4225183018,3.8817115,13125803.346634652,0.23045807029999998
BIH,2019,227838389.15123206,52507195.50405339,2.1234212,111494892.08585167,113303812.46656935,26111777.978678655,7.4094124,193472931.54126856,0.23045807029999998
GNB,2019,73021916.26293482,13105512.33905281,0.28003913,3670056.273632614,42423001.70906762,7613812.411549263,0.97716129,7439922.757887488,0.1794736842
IRL,2019,0.0,0.0,28.374184,0.0,0.0,0.0,99.008133,0.0,0.6254032802
TWN,2019,103622995.04751278,23880755.47735625,6.349662612,151634740.2008832,50481723.86560088,11633920.667483835,22.15634831,257765198.51967952,0.23045807029999998
GEO,2019,304414150.9948811,137754643.5722338,1.6444166,226526022.61726457,144954395.84079817,65595311.74230273,5.7379851,376384921.4071881,0.4525237842
DOM,2019,41572888.00885684,3969072.03281437,2.8381126,11264673.346638078,45076788.17707173,4303598.519414782,9.9032373,42619557.381693244,0.09547260782
SDN,2019,4851302137.14015,171105885.64970642,0.2462405,42133198.83532654,1090922992.7573092,38476957.23223002,0.85922527,33060373.966641296,0.03527009467
ZMB,2019,1496388316.6381657,276051279.7850352,0.43665361,120538787.86325565,764343387.2974309,141004823.35542384,1.523648,214841717.0958448,0.18447837150000002
PNG,2019,758057186.8938749,432098396.5008514,0.89335406,386016856.83352536,477829788.5284752,272366635.3847259,3.1172466,849033968.1064767,0.5700076511000001
SLV,2019,44011123.67843887,15092855.12349811,1.4983439,22614287.40787714,24833521.515320286,8516227.515013933,5.2282829,44525246.68925684,0.3429327375
USA,2019,28027558455.93217,3677126956.590276,22.622993,83187617399.05312,10273975837.120129,1347913110.6418412,78.940079,106404367439.20268,0.1311968348
KNA,2019,217184.05999267544,50051.81936583141,8.1836185,409604.99492087617,122931.72841662169,28330.608909538307,28.555712,809000.70880541,0.23045807029999998
NZL,2019,923304147.7585043,98660218.78355405,14.837102,1463831729.4339073,291740150.4059832,31174068.844895594,51.772205,1613950282.9220479,0.1068556001
LVA,2019,0.0,0.0,5.9984083,0.0,0.0,0.0,20.930693,0.0,0.5266283655
FSM,2019,319685.4387358002,73674.08931406138,1.239104,91289.85876541071,214643.05292093754,49466.22377946004,4.3236976,213876.9930363143,0.23045807029999998
STP,2019,1320700.184483447,304366.0159609092,0.67121696,204295.63196059293,845261.3992112316,194797.31096129835,2.3421273,456240.09996904613,0.23045807029999998
GUY,2019,294819546.6598492,12509474.77593108,2.22173,27792675.39392936,195111245.28494564,8278756.375026093,7.7524481,64180629.129933916,0.04243095452
NIU,2019,NA,NA,6.349662612,NA,NA,NA,22.15634831,NA,0.23045807029999998
MOZ,2019,1664362254.2014852,419561505.64972484,0.18003669,75536464.72859275,752202575.4602342,189619323.74818873,0.62821537,119121773.62761818,0.2520854487
NAM,2019,1764182568.7873163,458128391.7247598,1.6411704,751866755.8982807,500124341.7989175,129873837.56332998,5.7266579,743743037.8853604,0.2596830962
URY,2019,669012084.212557,65610786.26226482,6.3524375,416788419.05689585,228146776.21203926,22374617.325622164,22.166033,495956506.0021126,0.09807115269000001
KEN,2019,1026037587.208314,201619534.48797756,0.67992747,137086659.98698834,383790841.0420697,75416078.0037206,2.3725214,178926258.9678964,0.1965030687
GUM,2019,4357833.053500728,1004297.7961993343,13.621718,13680261.367848804,820845.6044003963,189170.4940043525,47.531277,8991515.150747718,0.23045807029999998
LUX,2019,13724742.803720912,3162977.741909333,39.086529,123629821.23549366,5648468.128762901,1301735.06510575,136.38751,177540404.20946112,0.23045807029999998
SLB,2019,28458224.903358787,6558427.59539147,0.77123284,5058074.740328135,18155184.201485574,4184008.7170154117,2.6911201,11259669.956935387,0.23045807029999998
AFG,2019,2059087019.6582577,20557618.20621082,0.17223644,3540770.974716937,470103143.77095354,4693439.789051092,0.60099745,2820745.3449482447,0.0099838511
BHS,2019,10787652.487874776,2486101.575422615,11.667463,29006498.145485066,3830108.769156916,882679.4759790109,40.712147,35935776.57994046,0.23045807029999998
BHR,2019,1764277.1447932376,406591.9062634432,9.4544859,3844117.4448218453,333718.54153222684,76908.1311048474,32.990242,2537217.856916643,0.23045807029999998
GUF,2019,112396416.42605866,25902661.2381847,6.349662612,164473159.61540303,78955063.9644889,18195831.681669176,22.15634831,403153184.52919525,0.23045807029999998
SLE,2019,1211751853.5446856,633857001.6359276,0.29274136,185556160.70442367,267759539.9336931,140062718.81929275,1.0214841,143071840.2766783,0.5230914232
GMB,2019,53578904.98554852,21726878.79208671,0.25602508,5562625.880894303,19949886.660563655,8089914.66896991,0.89336723,7227264.658754014,0.405511811
PER,2019,2457285578.275727,171077759.28655958,2.4406421,417539581.68844324,1023844597.8867272,71280701.44253127,8.5163155,607048942.5459014,0.06962062562
VCT,2019,347315.8713127787,80041.74548730609,3.031496,242646.2312777865,207624.00215269625,47848.62688407342,10.578025,506143.97139540076,0.23045807029999998
AND,2019,1488827.1640623312,343112.2352400263,14.309433,4909741.541647396,622836.5087721348,143537.6999240152,49.930969,7166976.445237305,0.23045807029999998
NIC,2019,247876081.9503967,38651512.3634886,0.67930752,26256263.00789078,151142752.26270807,23567808.203870174,2.3703582,55864147.43207094,0.1559307863
DNK,2019,0.0,0.0,20.603167,0.0,0.0,0.0,71.892143,0.0,0.4321757656
CRI,2019,96685475.4000085,22869975.022358976,4.4687905,102201127.11515507,59006646.56472445,13957427.705716114,15.593283,217642120.1672721,0.23653992420000003
MWI,2019,318343638.2752342,33575305.59934111,0.20146978,6764409.432532021,120823581.87133199,12743112.150492046,0.70300347,8958452.06039507,0.10546875
GLP,2019,2806889.8763794643,646870.4244550169,6.349662612,4107408.948970591,1713014.0920773447,394777.9220568513,22.15634831,8746837.146189628,0.23045807029999998
CAN,2019,4273620830.4437313,583528186.2701713,16.07655,9381120062.981722,2160259654.1859837,294965896.108497,56.097088,16546727830.997215,0.1365418715
FJI,2019,17618868.789174177,4060410.502021978,2.0639241,8380379.091016259,15915111.90866071,3667765.979078497,7.2018037,26414530.598861642,0.23045807029999998
EGY,2019,3405911673.142739,470553945.959828,1.0276521,483565750.72890383,281247304.96909285,38856565.24429412,3.5858629,139334315.73094374,0.1381580003
TUR,2019,3413428524.7065167,786652150.9108397,3.1961868,2514287220.9328337,1482115043.6598113,341565372.9244403,11.152693,3809373743.656795,0.23045807029999998
UZB,2019,19479604255.079857,886220934.0036463,0.70801264,627455623.1071873,2660040742.408275,121018053.56800613,2.4705212,298977666.92249477,0.04549481203
CIV,2019,969551819.7141898,223441041.42718565,0.74282879,165978438.4396962,502122717.2902983,115718232.48051459,2.5920079,299942572.76353043,0.23045807029999998
GTM,2019,239421656.64773402,60141717.54778141,1.5648946,94115449.02524836,134771629.50882283,33854068.962940566,5.4605026,184860231.59271625,0.2511958124
FRO,2019,NA,NA,21.873531,NA,NA,NA,76.324928,NA,0.23045807029999998
TUV,2019,NA,NA,1.7740782,NA,NA,NA,6.190423,NA,0.23045807029999998
CAF,2019,914914529.0538146,758432595.7708899,0.15580572,118168136.65555246,560096350.0639396,464300560.51258594,0.54366446,252423713.50877237,0.8289655172
DEU,2019,726212678.7635754,278837187.3827858,16.51737,4605656993.760804,294290360.20074785,112995956.5728795,57.635277,6512553256.957881,0.3839607811
BGR,2019,631060317.3596323,101989690.55323619,3.597595,366917600.7858698,288749591.35778433,46666666.65584518,12.553356,585823279.8641541,0.1616163903
MNP,2019,90517.56924122246,20860.50433557876,8.4961729,177234.45161627675,51805.63952574134,11939.027715759756,29.646328,353948.33166250447,0.23045807029999998
AUT,2019,421990819.665267,78842721.93089958,17.301935,1364131650.0714989,176154449.7872196,32911844.65216814,60.372917,1986984065.502241,0.1868351591
AUS,2019,19258384046.819836,3434905182.3234363,19.066156,65490438051.38708,4109771049.3795424,733014454.4504358,66.528946,48766679057.3525,0.1783589513
TUN,2019,1046878827.6659043,216934633.08915,1.2239172,265510028.71349984,239539689.1333355,49637506.46126628,4.2707052,211987156.9591635,0.20722038439999999
HND,2019,212408981.0641297,41635861.26017369,0.86788112,36134977.90264416,125562415.60220498,24612421.232449148,3.028362,74535321.18834217,0.1960174238
BOL,2019,2113863045.468163,487156798.337074,1.2152547,592019588.8160814,852885557.6912692,196554359.8122692,4.240478,833484438.5880117,0.23045807029999998
BGD,2019,664979185.2413317,66738920.21395041,0.73867744,49298534.73200514,301953538.72630054,30304787.843939885,2.5775223,78111266.46452397,0.1003624199
LTU,2019,0.0,0.0,6.8009124,0.0,0.0,0.0,23.73093,0.0,0.3969376149
PLW,2019,659916.8134465605,152083.1553854194,5.4941955,835574.5879443721,355887.2212656706,82017.08225731556,19.171307,1572374.6631992494,0.23045807029999998
FRA,2019,3132836954.1706696,634535814.8852953,14.014795,8892889365.775362,1270908410.5756009,257414259.2628622,48.90287,12588296056.878046,0.202543517
SSD,2019,1029664540.8667953,237294503.14449713,6.349662612,1506740034.64973,363617817.33068496,83798660.50872755,22.15634831,1856672310.1428094,0.23045807029999998
NPL,2019,418196468.09718084,6499436.532743251,0.4172855,2712120.6232840335,207162504.37631217,3219633.9564615837,1.4560653,4687997.2827054225,0.015541586380000002
MEX,2019,3931092315.9307632,581455127.1423728,3.5964699,2091185862.9682171,1401996683.2299364,207371919.60541216,12.54943,2602399389.053747,0.1479118475
FIN,2019,0.0,0.0,16.772043,0.0,0.0,0.0,58.523922,0.0,0.1641241577
MNG,2019,5933824176.350978,701231331.730899,1.5078579,1057357203.2779567,1024392949.1382663,121057923.2871225,5.2614803,636943878.5341063,0.11817527970000001
JAM,2019,11724718.399724187,4493482.728128936,1.9447569,8738731.540559573,9252983.322091341,3546193.548022495,6.7859845,24064414.450880658,0.38324866960000004
MNE,2019,46067715.28888746,3028488.8182980726,3.0668354,9287876.716460697,20905937.154123813,1374355.0447481985,10.701338,14707437.865855597,0.06573993955
DMA,2019,511000.5520682027,117764.20115187266,3.2918129,387657.7165099293,753431.3252947927,173634.32933100947,11.486368,1994427.8041291686,0.23045807029999998
TLS,2019,36378158.905851394,8383640.302509271,0.54187429,4542879.136537596,21641695.875219673,4987503.469422595,1.8908023,9430383.031242222,0.23045807029999998
SJM,2019,NA,NA,6.349662612,NA,NA,NA,22.15634831,NA,0.23045807029999998
IOT,2019,NA,NA,6.349662612,NA,NA,NA,22.15634831,NA,0.23045807029999998
TTO,2019,8145304.074923769,1877151.0591136583,5.9978876,11258941.060784679,5002504.066844523,1152867.433912891,20.928875,24128218.415933657,0.23045807029999998
HMD,2019,NA,NA,6.349662612,NA,NA,NA,22.15634831,NA,0.23045807029999998
SAU,2019,4504127219.931972,578957468.9608804,10.254637,5936998682.632596,276012567.8226272,35478468.93862716,35.782265,1269499977.356226,0.1285393242
HUN,2019,703598678.5350567,97027192.43046889,5.9005647,572515226.5953319,277126492.4564209,38216111.44457302,20.589279,786842180.827407,0.1379013284
MMR,2019,1894489274.8712046,188533210.95914218,0.49457544,93243895.76473056,883479639.2707303,87920926.98442921,1.7257589,151730322.23962888,0.09951664201
CPV,2019,NA,NA,1.5193841,NA,NA,NA,5.3017001,NA,0.23045807029999998
CHN,2019,33582164636.48194,5627427302.158911,3.5872245,20186845090.273346,11755888239.059418,1969956587.186282,12.51717,24658281494.43051,0.167571905
GBR,2019,885338.4058597658,204033.38057691982,14.842225,3028309.3420332735,247386.03763848916,57012.10885332937,51.790081,2952661.7354947454,0.23045807029999998
CHL,2019,1700870011.4881897,67335338.1797954,5.027545,338531442.78913945,419143067.6338146,16593355.173653571,17.542988,291097030.69114256,0.03958876206
WLF,2019,NA,NA,6.349662612,NA,NA,NA,22.15634831,NA,0.23045807029999998
BWA,2019,982167527.6259987,494091310.8577884,2.4874935,1229048924.165228,180757617.4175687,90932316.1530809,8.6797962,789273972.2027102,0.5030621528
LSO,2019,100357215.80087872,45825212.69785623,0.37528932,17197712.91223383,32488178.48230829,14834784.696215715,1.3095249,19426519.945833415,0.4566210046
NOR,2019,NA,NA,26.508402,NA,NA,NA,92.497719,NA,0.28972467479999997
BVT,2019,NA,NA,6.349662612,NA,NA,NA,22.15634831,NA,0.23045807029999998
PCN,2019,NA,NA,6.349662612,NA,NA,NA,22.15634831,NA,0.23045807029999998
VAT,2019,NA,NA,6.349662612,NA,NA,NA,22.15634831,NA,0.23045807029999998
CHE,2019,189894523.19874805,101858733.43940447,29.175989,2971829286.381997,67784125.43046674,36359159.00754419,101.80593,3701577996.7809134,0.5363963727000001
ALB,2019,681365566.2311563,185483905.3679999,1.8938386,351276579.66466546,198787867.6809293,54114783.40648491,6.6083117,357607356.32804006,0.2722237732
NGA,2019,3231528491.5717225,1295201800.2084239,0.78562284,1017540116.6528546,1522477656.502827,610211485.5625119,2.7413321,1672792333.1612005,0.40080160319999997
ROU,2019,1617909346.166208,257080356.98891616,4.506022,1158409744.35991,724400968.9616864,115104879.11147511,15.723198,1809816805.0357873,0.15889663880000002
LKA,2019,182769837.24090132,11364878.647681667,1.4157397,16089709.887205249,81274348.70338948,5053750.247454289,4.9400454,24965755.662685424,0.06218136876
SRB,2019,489959228.96179736,112915058.43221168,2.6898835,303728352.5783421,220853063.2167008,50897370.76876477,9.3860111,477723286.99644166,0.23045807029999998
MUS,2019,NA,NA,3.9549851,NA,NA,NA,13.800425,NA,0.23045807029999998
MDV,2019,NA,NA,4.0718727,NA,NA,NA,14.208289,NA,0.23045807029999998
BFA,2019,1055163512.3852752,484498062.7010675,0.26527369,128524588.89056355,469335653.63233685,215504243.91322014,0.92563915,199479165.15722576,0.4591687042
VIR,2019,396803.2510578666,91446.51152756237,13.399259,1225315.4926042939,164627.1885723453,37939.66419729691,46.755028,1773870.0618552146,0.23045807029999998
ALA,2019,NA,NA,6.349662612,NA,NA,NA,22.15634831,NA,0.23045807029999998
BES,2019,302149.04318905476,69632.68543634091,6.349662612,442144.0592882908,111770.86016509705,25758.496749419406,22.15634831,570714.2259221391,0.23045807029999998
TCA,2019,653215.0991112839,150538.69123200973,11.022423,1659301.1326256024,322324.47106845863,74282.27561290516,38.461361,2856997.4182494413,0.23045807029999998
ATG,2019,435491.2533786845,100362.47388617999,6.553823,657757.8896921459,128985.80471823737,29725.81965145762,22.868742,679792.1003477143,0.23045807029999998
ATF,2019,26808.984325459518,6178.346794348347,6.349662612,39230.41764404376,11951.330682098866,2754.280606513687,22.15634831,61024.8004613953,0.23045807029999998
GRL,2019,0.0,0.0,18.489212,0.0,0.0,0.0,64.51577,0.0,0.23045807029999998
BMU,2019,NA,NA,40.162197,NA,NA,NA,140.14091,NA,0.23045807029999998
PSE,2019,27129078.041327007,6252114.974422325,1.2683071,7929601.812076153,9830039.434463851,2265411.919039442,4.4255981,10025802.68461831,0.23045807029999998
TCD,2019,3059864226.0317655,360741155.34624135,0.30983555,111770434.27433814,667959046.4220018,78748696.12850107,1.0811322,85137751.09253785,0.11789449749999999
JPN,2019,1174121946.9312034,212918627.14878485,14.017455,2984577274.71987,653642538.7676023,118533404.78320773,48.912151,5797723793.300379,0.181342856
BEL,2019,14319103.079679426,2609484.2860529884,16.202702,42280696.26059932,6132722.554212615,1117614.9125325554,56.537277,63186903.88918386,0.1822379706
TKM,2019,2371220654.6826787,59945099.61298963,2.3057346,138217490.2781168,301470092.53668195,7621245.493016753,8.0455723,61317281.630115435,0.025280270520000002
UGA,2019,688071381.2504176,354297351.74715084,0.28515324,101029037.77411972,319370476.83909917,164448220.42255074,0.99500638,163627028.50008428,0.5149136578
ATA,2019,NA,NA,6.349662612,NA,NA,NA,22.15634831,NA,0.23045807029999998
MDG,2019,433501851.9345514,12630706.984556796,0.17335199,2189558.19087982,266087025.91341573,7752832.523566559,0.60488993,4689610.3224818995,0.029136454500000002
TKL,2019,NA,NA,6.349662612,NA,NA,NA,22.15634831,NA,0.23045807029999998
ZAF,2019,1278800385.42002,246708834.22431314,2.2660832,559062744.5273011,395786459.3750541,76355948.20540896,7.9072137,603762799.7263001,0.1929220831
IND,2019,15009565665.385674,1104514687.601708,0.70802784,782027148.5109121,6707875901.962316,493615046.6640806,2.4705741,1219512549.6585689,0.07358738501999999
GRD,2019,274054.6233504429,63158.09965413639,3.6288071,229188.5604474377,177285.0529074669,40856.77118608822,12.662267,517339.3455161557,0.23045807029999998
BEN,2019,304385655.7077803,190154248.86622432,0.39220238,74578948.97244549,145617379.7080633,90969344.123225,1.368541,124495277.17574248,0.6247148816
GRC,2019,675621446.2221909,109709198.60484107,6.7060757,735718190.8303987,274739557.29106826,44612936.46610995,23.400009,1043943114.823401,0.1623826467
MDA,2019,293540938.4301068,67648878.22465353,1.5279006,103360761.62877506,139287060.0862551,32099827.0852385,5.3314166,171137550.97937015,0.23045807029999998
MLT,2019,1587545.3473731205,365862.6372693525,11.244882,4114082.1843026713,558299.9566558013,128664.7306594696,39.237602,5048495.493053466,0.23045807029999998
SYR,2019,636345080.183598,146650859.22401077,0.38482106,56434339.0964946,164782698.5373593,37975502.723746456,1.3427848,50992927.82980534,0.23045807029999998
MTQ,2019,1431389.2554624267,329875.20566202456,6.349662612,2094596.2600179682,866755.3801841587,199750.77233938404,22.15634831,4425747.687142906,0.23045807029999998
PRY,2019,909040160.1491356,136374860.3344328,2.018959,275335251.64594615,392967472.9388659,58953263.6591334,7.0449038,415320071.17463076,0.1500207211
WSM,2019,NA,NA,1.509383,NA,NA,NA,5.2668018,NA,0.23045807029999998
CZE,2019,360356053.0984092,146506550.38681853,8.3456631,1222694311.4715621,152074888.55310342,61827648.323949896,29.121143,1800491788.1954553,0.4065605368
MLI,2019,2806615622.028655,57907418.34853344,0.33710071,19520631.83955765,658727183.7763896,13591170.2012543,1.1762706,15986893.927331518,0.020632472040000002
NFK,2019,NA,NA,6.349662612,NA,NA,NA,22.15634831,NA,0.23045807029999998
COM,2019,1859564.612113176,428551.6721057705,0.52692562,225814.85552636982,897507.2053214363,206837.77861872409,1.8386408,380300.37874975376,0.23045807029999998
COL,2019,2261839928.085334,332555747.71215653,2.2448704,746544554.3888879,1114077710.2138834,163801576.46401203,7.8331943,1283089575.0889132,0.14702886069999999
KAZ,2019,11380986521.324022,1565403107.1343167,3.2800114,5134540036.995979,2315987342.4852743,318553560.8198247,11.445188,3645905391.6523275,0.13754546709999999
COK,2019,NA,NA,6.349662612,NA,NA,NA,22.15634831,NA,0.23045807029999998
HTI,2019,17356483.046810154,2274297.7792657367,0.46897322,1066584.7527811017,13790861.214934856,1807078.3666655684,1.6364231,2957144.7827218063,0.1310344828
PRT,2019,205280447.85738018,29042731.37263443,8.0961714,235134931.1170056,150948010.4986782,21355869.815680075,28.250574,603315580.5622363,0.1414783126
SHN,2019,NA,NA,6.349662612,NA,NA,NA,22.15634831,NA,0.23045807029999998
ASM,2019,NA,NA,4.4692931,NA,NA,NA,15.595037,NA,0.23045807029999998
COD,2019,4156202383.2981763,2826533774.2300324,0.19319944,546084742.3223287,2431261937.42016,1653443058.4356382,0.67414516,1114660635.1799827,0.6800760679
GAB,2019,358342344.7331544,218199831.7548991,2.5808206,563134620.7095778,232188642.0171808,141383019.25013855,9.0054502,1273217738.982764,0.60891445
RWA,2019,75985087.67357919,28207117.500885054,0.28094983,7924784.866663681,28736477.36286559,10667529.88452125,0.98033905,10457796.112838171,0.37121912160000003
CYP,2019,23185656.366154335,5343321.624782838,10.301902,55046375.732993565,9367773.362877242,2158878.9722164306,35.947193,77605639.07790567,0.23045807029999998
ABW,2019,193340.9906489128,44556.991614838786,10.785084,480550.8973533319,40601.77230842225,9357.006096958969,37.633198,352134.0631340641,0.23045807029999998
GIN,2019,411785795.1444631,109764250.05993879,0.35769981,39262651.391232595,257805369.8983809,68719740.75354743,1.2481486,85772448.21390316,0.2665566694
PRK,2019,369163007.5411275,85076594.34407258,6.349662612,540207670.2628484,189654524.9922788,43707415.8533837,22.15634831,968396729.377585,0.23045807029999998
SYC,2019,70707.67086600295,16295.153383186569,6.6388412,108180.93564061838,39380.106994092464,9075.463466066083,23.165403,210236.76860319765,0.23045807029999998
BLZ,2019,-24862285.524272077,-2806238.1673722873,2.1468906,-6024686.34289279,-2045056.0228317976,-230828.10548863196,7.4913063,-1729204.0408640532,0.1128712871
MCO,2019,NA,NA,67.197136,NA,NA,NA,234.47597,NA,0.23045807029999998
IMN,2019,0.0,0.0,30.218424,0.0,0.0,0.0,105.44337,0.0,0.23045807029999998
CYM,2019,245156.78754900926,56498.360179491734,30.609201,1729369.6629044586,144685.8788820505,33344.02844681688,106.80694,3561373.645677464,0.23045807029999998
COG,2019,574844507.044371,132477555.81600049,0.86305928,114335983.9387172,328589604.2728925,75726126.12137143,3.0115368,228052015.53595135,0.23045807029999998
PRI,2019,19769230.668675136,4555978.75121845,11.039771,50296962.09431766,10178800.077324651,2345786.6237897296,38.521893,90364141.3224592,0.23045807029999998
SPM,2019,176404.41478453667,40653.821023645105,6.349662612,258138.0473887789,17278.410656553693,3981.94917776032,22.15634831,88225.45293517575,0.23045807029999998
GIB,2019,NA,NA,6.349662612,NA,NA,NA,22.15634831,NA,0.23045807029999998
BLR,2019,0.0,0.0,2.371542,0.0,0.0,0.0,8.275198,0.0,0.41287653890000003
KIR,2019,NA,NA,0.60729766,NA,NA,NA,2.1190889,NA,0.23045807029999998
TJK,2019,512028500.35231507,35335980.34512894,0.30209634,10674870.33257539,165090207.38992167,11393163.309248507,1.0541271,12009842.199004533,0.06901174508999999
JOR,2019,242412890.0293295,107143838.72959225,1.4463196,154964233.97384837,18817385.65819311,8317078.081244149,5.0467501,41974214.63822672,0.4419890325
BDI,2019,70940687.50821313,10915900.150979197,0.072916254,795946.5480474374,24077037.73343519,3704820.873058339,0.25443208,942625.2807596492,0.15387361659999998
NER,2019,2716060871.9940405,235259492.5080111,0.19481121,45831186.39947158,369346237.42406094,31991995.93503021,0.67976922,21747174.122998655,0.08661790129
LCA,2019,1904389.7635859982,438881.9900151023,4.090528,1795259.0688524963,1223808.150357306,282036.46474875696,14.273383,4025614.481325007,0.23045807029999998
HKG,2019,1350585.26866977,311253.2747932422,16.772329,5220442.3271596655,757901.1761233807,174664.44252749474,58.524925,10222223.39908844,0.23045807029999998
PAK,2019,3193633183.5721703,167994332.08571783,0.48223779,81013215.43754266,1076262841.251046,56614534.84849179,1.6827081,95265736.3672894,0.05260288907
REU,2019,NA,NA,6.349662612,NA,NA,NA,22.15634831,NA,0.23045807029999998
SXM,2019,NA,NA,12.090995,NA,NA,NA,42.19001,NA,0.23045807029999998
LIE,2019,548297.4117984688,126359.56347355957,57.888565,7314773.803510779,247261.80661296844,56983.47881091648,201.99487,11510370.394558828,0.23045807029999998
PAN,2019,133490884.65638392,83222548.94026962,5.7150269,475619105.88020736,81468955.07194307,50790390.055769004,19.941868,1012855254.1606581,0.6234324474999999
SGS,2019,NA,NA,6.349662612,NA,NA,NA,22.15634831,NA,0.23045807029999998
BLM,2019,NA,NA,6.349662612,NA,NA,NA,22.15634831,NA,0.23045807029999998
MSR,2019,51848.76383967965,11948.96606193299,6.349662612,75871.90305551278,26664.641753688455,6145.081883795849,22.15634831,136152.57461085176,0.23045807029999998
ARM,2019,130453745.47548366,26176761.750142936,1.5944557,41737686.98005738,62230704.430793226,12487171.736549169,5.5636525,69474284.24998112,0.20065933449999998
LBY,2019,6621241698.080986,795003291.1353687,3.4555295,2747157325.115355,244707087.24583024,29381639.969579816,12.057636,354273119.8362445,0.1200686106
BTN,2019,75333692.21074916,3788972.6852942095,1.2405678,4700477.50845553,42147537.97610558,2119846.5846743383,4.3288054,9176403.342909833,0.050295857990000005
LBN,2019,8830338.386384998,1183417.1037371657,3.0888233,3655366.3236418744,9490397.883450553,1271876.4202584787,10.778061,13708361.642007519,0.1340171862
MKD,2019,112017576.03216149,25815354.412055466,2.3302989,60157491.98952299,51120620.302952684,11781159.507557476,8.1312857,95795973.83322114,0.23045807029999998
SGP,2019,3025125.6808848567,697164.6268316976,22.87413,15947034.30554974,892772.754353106,205746.68618463274,79.816383,16421956.305493455,0.23045807029999998
ARG,2019,8127455203.079192,1258486313.7423391,3.4530258,4345585710.299191,2263649561.874889,350512174.0503836,12.0489,4223286133.915667,0.15484383270000002
DJI,2019,63982524.963130884,14745289.23592472,0.98401415,14509573.253992613,3976700.447129418,916462.7112065929,3.4335935,3146760.4081913345,0.23045807029999998
RUS,2019,3542755873.875249,816456682.23728,3.9704003,3241659856.0919013,1512713197.3207726,348616964.3718884,13.854214,4829814028.438518,0.23045807029999998
SOM,2019,-824523127.3039598,-3750105.1903391955,0.18725121,-702211.7345182947,-239722754.49956536,-1090309.6785541328,0.65338957,-712396.972037323,0.00454821104
IDN,2019,4027323507.9562006,423831305.7450065,1.4244112,603710058.8138115,2302452410.6047196,242307678.9521596,4.9703035,1204342704.7727952,0.10523895209999999
ARE,2019,236693064.97991395,117956782.89595729,15.347711,1810366614.3768957,18283438.859276485,9111613.085487746,53.553909,487962498.0234199,0.4983533544
LBR,2019,2413736135.061261,1326810404.6820621,0.22827078,302872045.98889,545753776.5043426,299996250.0217996,0.7965222,238953673.05911386,0.5496915696
CXR,2019,NA,NA,6.349662612,NA,NA,NA,22.15634831,NA,0.23045807029999998
GHA,2019,657094901.7382468,132090633.38406408,0.75839776,100177240.47545542,341959939.2263908,68741524.00954609,2.6463339,181913025.32412574,0.20102215529999998
KHM,2019,591466912.6502686,26540181.976835057,0.77199996,20489019.424509387,263801582.09503132,11837250.478149708,2.6937969,31887148.642563205,0.044871794869999995
ECU,2019,485657594.3094768,63314707.53962963,2.1520975,136259423.8092681,244936716.22528973,31932161.12592942,7.5094748,239793759.2847066,0.130369026
ETH,2019,1079311762.6589222,84097829.2382918,0.28742084,24171468.72184639,47282572.10165012,3684164.1239560717,1.0029188,3694917.4622010747,0.07791801419
HRV,2019,272951491.09434617,118962896.9022949,5.3979936,642160956.1160477,123930244.4425472,54013630.16404614,18.835621,1017380266.6041409,0.4358389706
SWZ,2019,59863802.12740562,2314957.8909559757,1.3571879,3141832.8386149695,24959632.36361611,965199.2663703761,4.7357364,4570929.2990034865,0.03867041198
XKX,2019,54021393.90064709,12449666.193259317,1.5315988,19067893.80199654,25963616.46992612,5983524.949668471,5.3443213,31977879.837594636,0.23045807029999998
YEM,2019,1860843161.3744826,138323544.95208678,0.21620531,29906284.916664857,162875968.2873297,12107189.788292523,0.75442123,9133921.011927085,0.07433380084
UMI,2019,NA,NA,6.349662612,NA,NA,NA,22.15634831,NA,0.23045807029999998
GGY,2019,227184.02850330653,52356.392811852216,6.349662612,332445.4299366036,73065.97941970825,16838.644621645475,22.15634831,373082.8753054853,0.23045807029999998
VGB,2019,NA,NA,6.349662612,NA,NA,NA,22.15634831,NA,0.23045807029999998
AZE,2019,518942458.1839068,18458152.883387037,1.6667782,30765646.838296656,177047470.77300647,6297363.477603568,5.8160129,36625547.22173121,0.03556878531
MRT,2019,2850497108.3043213,201405291.1613145,0.61287296,123435856.95369665,288512274.4327484,20385180.699343868,2.1385431,43594587.526835,0.07065619908000001
CMR,2019,890932279.616677,202023232.7978171,0.53939867,108971063.08024292,501834752.1600034,113793473.73660642,1.882164,214177979.70198607,0.2267548695
PYF,2019,NA,NA,7.4854789,NA,NA,NA,26.119638,NA,0.23045807029999998
SWE,2019,0.0,0.0,17.956421,0.0,0.0,0.0,62.656662,0.0,0.3635982935
AIA,2019,83698.19928809395,19288.925495518964,6.349662612,122478.16904455035,20910.773517209105,4819.056513256354,22.15634831,106772.6946332819,0.23045807029999998
CUW,2019,959001.0803981277,221009.53840416763,6.666306,1473317.211920933,323040.67899351474,74447.33150924715,23.261238,1731737.096701497,0.23045807029999998
DZA,2019,10943766732.29295,3619127246.564093,1.5497917,5608893367.968885,1004317788.3107464,332130057.3009247,5.4078031,1796093953.4751182,0.3307021554
PHL,2019,545201259.4087389,51889690.99845894,1.179494,61203579.19453633,358438430.96695924,34114483.60375862,4.115696,140404843.71005493,0.09517529555
JEY,2019,1072152.8349918781,247086.27341890254,6.349662612,1568914.472266415,342383.37968087196,78905.01298404597,22.15634831,1748246.951079595,0.23045807029999998
LAO,2019,459718383.787779,105945811.60916634,0.89805305,95144959.25033724,211861854.83378193,48825274.23517211,3.1336432,153000988.59518227,0.23045807029999998
ESP,2019,2521188202.8105235,384238803.557915,10.330847,3969512291.0198755,990192755.6287572,150909194.04206902,36.048195,5440004054.121342,0.1524038559
KGZ,2019,795088558.5646138,23250631.47495029,0.49319139,11467011.255508484,272822797.1263742,7978107.90461143,1.7209294,13729760.449418206,0.02924281984
EST,2019,0.0,0.0,8.3312778,0.0,0.0,0.0,29.070948,0.0,0.0489858639
