GID_0,Beta_baseline_coeff,Beta_baseline_pvalue,baseline_signif_level,Beta_diff_nn_hh,p_value_Beta_diff_nn_hh,nn_hh_signif_level,Beta_diff_ttn_tth,p_value_Beta_diff_ttn_tth,ttn_tth_signif_level,total_burned_areas_ha_2018,n_adm2_units,marginal_additional_acres_baseline,marginal_additional_acres_nn_hh,marginal_additional_acres_ttn_tth,additional_acres_2019_baseline,additional_acres_2019_nn_hh,additional_acres_2019_ttn_tth,burned_acres_2019,damages_usd_per_acre_country,GEP_wildfire_2019_baseline,GEP_wildfire_2019_nn_hh,GEP_wildfire_2019_ttn_tth
AFG,-0.0173303872187777,0.0508908857976722,0,-0.0815015994151178,0.225731850769787,0,,,0,7687.89708947749,328,-0.0428242533369606,-0.201394527234727,,-329.228452588266,-1548.30039976455,,18997.1781029534,243.019421228326,80008.9079998979,376267.067038367,
AGO,0.00128339666472076,0.971593438035752,0,0.089884393077349,0.270558606756839,0,-0.0847426684183417,0.284651690161965,0,48420738.4791899,163,0.00317133732835823,0.222108829513783,-0.209403370795143,153558.495405727,10754673.5478059,-10139465.8539325,119650065.819002,243.019421228326,-37317696.6781923,-2613594541.08737,2464087123.38704
ALA,-0.0965218141973683,0.00256325332159581,0,,,0,,,0,172.705182089162,13,-0.238510228972407,,,-41.1919525248072,,,426.763140201423,243.019421228326,10010.4444618433,,
ALB,-0.0563211633227768,0.479296693219926,0,0.0588793242783364,0.54758576324905,0,,,0,4922.13327578335,37,-0.139172410628748,0.145493754257983,,-685.025153426743,716.139649251864,,12162.8374311244,243.019421228326,166474.416312612,-174035.843079844,
ARE,0.367410331465299,0.0307290604641077,0,1.20261130356702,4.1079151453026e-35,3,,,0,321.268374539435,195,0.907889299567327,2.97171266167929,,291.676119533741,954.717296415961,,793.870216905671,243.019421228326,-70882.9617552139,-232014.844811679,
ARG,-0.0526218684568577,9.47131015037246e-06,0,-0.220973220163967,0.000975139657072344,3,0.0452068834561622,0.0256171982772689,2,3985603.38493511,502,-0.130031268050318,-0.546035875686171,0.11170846936435,-518253.062088753,-2176282.43443081,445225.653624472,9848625.2443439,5.12990001751564,2658586.39228663,11164111.2985056,-2283963.08832659
AUS,0.000515018105328636,0.990982810735512,0,0.134003104935097,0.0149964529237768,2,0.0750939355649368,0.112163401782348,0,68058426.9628257,568,0.00127263548917233,0.331128372449871,0.185560869477737,86613.5694901347,22536076.1516989,12628980.882509,168175775.94649,2.75746688353104,-238834.049533461,-62142483.6730433,-34823996.5562651
AUT,-0.0828029002469349,9.14298580669658e-25,0,-0.0604569582526332,0.062045432036546,1,,,0,387.423080527455,94,-0.204610106655188,-0.149392166690169,,-79.2706778274042,-57.8779734257764,,957.341803137367,243.019421228326,19264.3142459929,14065.4716038006,
AZE,-0.227292577790032,3.3876844836546e-07,0,-0.28839530309779,1.16741203578543e-10,3,0.178221358294215,0.256941874488966,0,260852.173099253,79,-0.561651324348059,-0.712639213719794,0.44039388741292,-146507.968480264,-185893.487534551,114877.702551288,644578.762336909,243.019421228326,35604281.7054117,45175727.7507616,-27917512.7860538
BDI,0.0454567772860453,0.509266499790536,0,-0.61137343827805,1.03886430538229e-10,3,,,0,76656.8697781327,133,0.112325969512682,-1.51073433465698,,8610.55721763619,-115808.165161154,,189422.958065255,243.019421228326,-2092532.63148333,28143633.270978,
BEL,-0.0400880093800045,0.653639428067395,0,-0.115562519390173,0.156192542449689,0,,,0,0,11,-0.0990594755784601,-0.285560763539088,,0,0,,0,243.019421228326,0,0,
BEN,0.0587203863835102,0.308585059469369,0,-0.0573422684355346,0.376202801682422,0,0.296138784990361,1,0,4374750.49895146,78,0.145101010772973,-0.141695612417628,0.731773744650432,634780.719277425,-619882.95112325,3201327.55452906,10810227.220434,243.019421228326,-154264043.0057,150643596.011279,-777984769.463944
BFA,0.00836103422024441,0.646796351209457,0,-0.432294476351166,0.000597301278054548,3,,,0,3167030.61259071,45,0.0206605336099349,-1.06822126578755,,65432.5424151231,-3383089.44976956,,7825890.99524226,243.019421228326,-15901378.5872211,822156440.046654,
BGD,0.249152367506603,4.63159760462964e-06,0,0.302979144270742,7.35033917962262e-08,3,,,0,34064.2172190535,64,0.615667957727191,0.748676614450218,,20972.2470468301,25503.0828214578,,84174.3839591422,243.019421228326,-5096663.33917813,-6197744.42680874,
BGR,-0.0271938463220847,0.490711044598956,0,-0.0823454962784928,0.293804151809172,0,0.0178415875873673,0.869417306488427,0,65185.6534300505,263,-0.0671973539541874,-0.20347983857897,0.044087455007764,-4380.30342627409,-13263.9662376113,2873.86956274905,161077.008908326,9.80558474276571,42951.4364453576,130060.944968081,-28179.9715371908
BIH,-0.15734188224073,0.00118221142573375,0,0.012469282315278,0.881808552960928,0,,,0,1720.4254599348,18,-0.388799658110956,0.0308122200651677,,-668.900830628032,53.0101278772283,,4251.25733277188,243.019421228326,162555.892718371,-12882.4905959636,
BLR,-0.0876814135601725,2.24970321402817e-35,0,-0.0143620044136075,0.630228732168963,0,,,0,271615.570774485,118,-0.216665156977864,-0.0354892310062448,,-58849.630279486,-9639.42773610873,,671175.656162291,243.019421228326,14301603.0900217,2342568.14940142,
BOL,-0.0475839873919653,0.591444065075183,0,-0.289673591416977,0.0448280918435365,2,0.102918425532214,0.437621342317187,0,1953781.28778293,112,-0.117582412044916,-0.71579792807092,0.254316575411377,-229730.316425739,-1398512.59769876,496878.966211786,4827891.25117602,0.574665254413736,132018.030735345,803676.597757371,-285539.07753093
BRA,-0.046744220795105,0.123543170920953,0,0.0840225019430153,0.0395509875395782,2,-0.0889247566748033,0.0280560241492392,2,11316710.5982273,5572,-0.115507306795744,0.207623803426288,-0.219737519981273,-1307162.76298809,2349618.49667853,-2486705.92120025,27964157.7237495,243.019421228326,317665938.112585,-571002927.170187,604317833.735136
BRN,0.0785493244144769,0.368344538799321,0,-0.0316307194333592,0.576354582398972,0,-0.409080832381207,1,0,0,39,0.194099308094393,-0.0781610892558023,-1.01085919085558,0,0,0,0,243.019421228326,0,0,0
BTN,-0.10722036281006,4.72831179236149e-05,0,-0.0210234551904329,0.416902417323265,0,,,0,9429.3300421537,205,-0.264946877521799,-0.0519500089483192,,-2498.27155179112,-489.85378006654,,23300.3460006639,243.019421228326,607128.506587469,119043.982118278,
BWA,0.150199877174593,0.239994679899691,0,0.22141223096617,0.0814639744926936,1,,,0,3852218.02770746,30,0.371151406492278,0.547120693328954,,1429756.13909853,2107628.1981736,,9519023.35736652,243.019421228326,-347458509.421372,-512194584.884648,
CAF,0.243774027751245,0.0272368374734654,0,0.258954777563027,5.14759044937801e-07,3,,,0,83540163.9949724,51,0.602377811274714,0.639890203097118,,50322741.1408222,53456532.5055095,,206431922.239777,243.019421228326,-12229403426.6655,-12990975590.3621,
CAN,-0.0603029078184,0.169152738765767,0,0.160365858989207,0.00624328073267805,3,0.107237915590786,0.141076323882378,0,2380296.04276466,293,-0.149011500364657,0.39627205585528,0.264990251320613,-354691.484644419,943244.806410541,630755.246589669,5881830.53647363,80.7919925070068,28656231.769691,-76206627.3317935,-50959973.1562278
CHE,-0.0572749383185553,0.0659085433619939,0,-0.0807029306291645,0.325114561654989,0,-0.102789588502616,0.28362721871278,0,21.5253428752124,169,-0.141529236332066,-0.199420976731197,-0.253998212669391,-3.04646533891469,-4.29260490064878,-5.46739861739976,53.1901985117937,243.019421228326,740.350243455205,1043.18635851754,1328.68404762504
CHL,-0.008051848541318,0.918593352751275,0,0.227507932599504,0.0141226487950277,2,,,0,40439.9133632954,55,-0.0198965203380238,0.562183476850005,,-804.613558700728,22734.6510980904,,99929.047916371,373.03397144767,300148.191282776,-8480797.18859778,
CHN,0.0276988482310681,0.597110153947815,0,-0.246616405774507,2.75845926217942e-07,3,-0.185824397809257,2.19525786225057e-05,3,1732983.97102323,364,0.0684452389213808,-0.609401469489096,-0.459181378206565,118614.501943608,-1056082.9785426,-795753.96822433,4282290.04159694,243.019421228326,-28825627.6116218,256648674.21451,193383668.798021
CIV,0.0492871016807162,0.191939157829121,0,0.215107155013155,0.00839902205771761,3,,,0,3252204.1560888,33,0.121790892608134,0.531540535395256,,396088.847113937,1728678.33834211,,8036359.07990322,243.019421228326,-96257282.3806238,-420102409.273845,
CMR,0.106412873363282,0.193421557935008,0,0.230351153111255,0.0342994970179494,2,-1.06225427554164,2.3966651303562e-26,3,2667399.01724892,58,0.262951530724338,0.569209216895566,-2.62488342757716,701396.654638198,1518308.10575626,-7001611.4751123,6591276.34157294,243.019421228326,-170453009.061659,-368978357.107163,1701527568.3474
COD,-0.142586661297028,1.54076784689419e-06,0,-0.504834839253833,7.95325446216094e-09,3,-0.361341249853142,0.00108449186198652,3,53458620.3249316,240,-0.352338769398021,-1.24747212953818,-0.892892295449606,-18835544.4990024,-66688138.9389158,-47732790.2134972,132098923.753922,243.019421228326,4577403122.66796,16206512927.7295,11599995051.2972
COG,-0.198427105978496,0.0177383733898194,0,0.129729224266197,0.132916963524226,0,,,0,4805705.92973699,48,-0.490323300228163,0.320567399622986,,-2356349.59139469,1540552.65324855,,11875139.6376766,243.019421228326,572638713.912341,-374384214.164225,
COL,-0.268788742658458,4.56374401880966e-06,0,-0.083847276729468,0.339354277413759,0,-0.219523555280899,0.0642554652987475,1,2899106.39567752,1119,-0.664190422546183,-0.207190813162352,-0.542453681276865,-1925558.70195139,-600668.211564601,-1572630.93674858,7163836.85903894,243.019421228326,467948161.289395,145974041.124683,382179860.054399
CRI,-0.0974664106434346,0.359667131578109,0,-0.401887130010107,0.00066508001651674,3,,,0,52208.1626190155,82,-0.240844374020459,-0.993083192611475,,-12574.0422447351,-51847.048814071,,129008.980239718,243.019421228326,3055736.46881605,12599839.7951923,
CUB,-0.0997713577225285,0.218027705006851,0,-0.134203509692149,0.167706752707436,0,-0.488234550133283,1,0,86642.6481262698,168,-0.246540013500254,-0.331623582624785,-1.20645198510685,-21360.8796387483,-28732.7453797322,-104530.194826852,214098.315652419,243.019421228326,5191108.60673655,6982615.15248337,25402867.4477058
CZE,-0.0799295922892701,0.000166427734687058,0,-0.0095563140890932,0.755564810849557,0,,,0,559.934762291169,98,-0.197510019026401,-0.0236141299298538,,-110.592725553672,-13.2223722289854,,1383.62679435959,243.019421228326,26876.1801561165,3213.29324635354,
DEU,-0.0932361277422575,2.1751255290208e-06,0,0.000179397585503602,0.99040270427855,0,,,0,4785.15621239639,403,-0.230391133457505,0.000443300403658675,,-1102.45756354523,2.12126168052514,,11824.3602586421,243.019421228326,267918.599021552,-515.507785875045,
DJI,-0.115936144751971,0.0118191018016916,0,,,0,,,0,0,21,-0.286484010489358,,,0,,,0,243.019421228326,0,,
DNK,-0.101733243911366,3.05049286765385e-11,0,-0.0070396487509554,0.742891460983825,0,,,0,215.679089964354,99,-0.251387932367181,-0.0173953240460484,,-54.2191204809742,-3.75180765988675,,532.953815256417,243.019421228326,13176.2992787952,911.76212606568,
DOM,0.0387211952314394,0.526806440533444,0,-0.174833104923693,0.0569448730497778,1,,,0,17484.1089343195,155,0.0956820094766483,-0.432021343921691,,1672.91467674431,-7553.50823907798,,43204.1073821503,243.019421228326,-406550.756506776,1835649.20050412,
DZA,-0.0907840511830022,7.31349937412632e-79,0,-0.0016349461912057,0.883127664236273,0,0.0167818990641626,0.337112970434226,0,10155.6022433535,1504,-0.224331929675758,-0.00404003378577885,0.041468911682499,-2278.22584827094,-41.0289761780796,421.141772512215,25095.0009234387,243.019421228326,553653.127074217,9970.83804438769,-102345.62981099
ECU,0.130117541990504,0.058732571157038,0,0.253714767289189,0.000961216423419978,3,0.405250918117613,6.91027756190655e-06,3,34770.5775893798,223,0.321526952135635,0.626941875709951,1.00139528121453,11179.6778363089,21799.1311334041,34819.0923231085,85919.8357522369,243.019421228326,-2716878.83729893,-5297612.23132025,-8461715.66405748
EGY,0.229282670830427,0.00178929698943292,0,0.951732368113287,4.16584482034467e-32,3,0.978784630106903,6.16196741438352e-27,3,8716.53351825255,343,0.566568943755527,2.35177826822634,2.41862576022566,4938.51718864599,20499.3541024928,21082.0325071161,21538.990150278,243.019421228326,-1200155.58891089,-4981741.16954232,-5123343.3381961
ERI,0.372091149979651,0.00830133489621799,0,0.458711959013542,0.000707379562938242,3,,,0,55778.6698718408,50,0.919455836157217,1.13350018632041,,51286.0235467508,63225.1326924364,,137831.882186812,243.019421228326,-12463499.7594337,-15364935.154,
ESP,-0.107458456175882,0.100303494366104,0,-0.31336283137705,0.009280884995377,3,,,0,12675.6293847163,52,-0.265535218133413,-0.774335224474259,,-3365.82601364894,-9815.18632496681,,31322.1139911032,1145.2957980181,3854866.39029215,11241291.6547492,
EST,-0.14740255488434,3.58044363758488e-17,0,0.0736608420501548,0.000166811081214214,3,,,0,2719.46246527941,223,-0.364239083246948,0.182019623748035,,-990.534515277859,494.995534727062,,6719.92772482869,243.019421228326,240719.124609506,-120293.528359976,
ETH,0.0305109826689042,0.816034498216005,0,0.0868382317932462,0.426692259078432,0,,,0,14779268.4187445,79,0.0753941637239957,0.214581612672701,,1114270.5828837,3171359.25141691,,36520311.2261386,243.019421228326,-270789392.144147,-770701889.786436,
FIN,-0.221271398660164,0.00602398401495992,0,0.040041617949886,0.400540865635551,0,,,0,8511.79468758674,21,-0.546772689659198,0.0989448400350658,,-4654.01687515868,842.198163774593,,21033.0702627612,243.019421228326,1131016.48738792,-204670.510320061,
FJI,-0.0386846213418138,0.821688615079913,0,-0.285981103640203,0.0735790147961013,1,,,0,2417.6235438349,15,-0.095591633566689,-0.706673606150124,,-231.104583904466,-1708.47074803525,,5974.06865799323,243.019421228326,56162.9022236764,415191.572373052,
FRA,-0.332130080651904,0.00892562481073056,0,-0.327642798228712,6.99563319993501e-05,3,,,0,1376.72451129997,96,-0.820710035794888,-0.809621736563059,,-1129.8916229487,-1114.62608960761,,3401.95510364778,15.7615405106252,17808.8325877219,17568.2242655501,
GAB,-0.146419502581093,0.162654696757461,0,-0.0364443905511434,0.853247333388801,0,,,0,419773.977595205,37,-0.36180991185301,-0.0900559112714029,,-151878.385831909,-37803.1280803577,,1037282.48733663,243.019421228326,36909397.4219628,9186894.3067088,
GBR,-0.155258123729621,7.42779413500395e-10,0,-0.0755067162985221,0.000933234578661143,3,-0.0302250264921305,0.678512259805418,0,10822.6681380423,183,-0.38365058664208,-0.186580871309463,-0.0746875517133791,-4152.12298019246,-2019.30285108909,-808.318586236772,26743.3541025093,243.019421228326,1009046.5235152,490729.810156379,196437.114995359
GEO,0.145625620752502,0.0443799175501228,0,0.0726877724873541,0.555375059652214,0,,,0,15520.3526000482,69,0.35984819016047,0.179615120204876,,5584.9707937797,2787.68999787973,,38351.5672923492,243.019421228326,-1357256.36988145,-677462.809848725,
GHA,0.242917060661706,2.84730926393992e-05,0,0.022981334750806,0.637344258896555,0,0.193964560128909,0.410002072024056,0,13512328.797139,260,0.600260202748109,0.0567880272359792,0.479296126306541,8110913.22336975,767338.495753434,6476406.84984903,33389640.0741703,243.019421228326,-1971109437.17649,-186478157.124214,-1573892644.28948
GIN,-0.0539211269611495,0.515723406959628,0,0.212377751971437,0.0147875351812765,2,,,0,3558143.71757189,34,-0.133241800777348,0.524796044009019,,-474093.476353887,1867299.74699727,,8792351.03330601,243.019421228326,115213922.231647,-453790103.775076,
GMB,-0.376310969098165,0.000115684559489804,0,-0.728276996018971,1.51977358060938e-16,3,-2.1420872205048,1.62978316339146e-14,3,297554.712279346,37,-0.929883220190021,-1.79960887101268,-5.2932046262284,-276691.134037033,-535482.099829535,-1575017.97959309,735272.571777877,243.019421228326,67241319.2526889,130132549.978702,382759957.824921
GNB,-0.112343802040632,0.0588518373875607,0,0.064257872731146,0.265921651160457,0,,,0,694618.681238296,37,-0.277607152032504,0.158784416412298,,-192831.113847137,110294.621929503,,1716437.49227389,243.019421228326,46861705.6819446,-26803735.1859049,
GNQ,-0.07278669616289,2.44678802179765e-07,0,,,0,,,0,64.1117781668427,32,-0.179859565553309,,,-11.5311165679385,,,158.423409439177,243.019421228326,2802.28527445677,,
GRC,0.26567809073673,0.096359936775515,0,-0.702884252979488,0.0102540458003681,2,,,0,36759.9595145149,14,0.656503846114997,-1.73686213332496,,24133.0548043106,-63846.9817033196,,90835.697958342,1587.39001418041,-38308570.2080313,101350061.191409,
GTM,0.113847577358304,0.0728200735747369,0,0.0781554485940725,0.299380212149419,0,-0.160693937890079,2.60792269171279e-06,3,236271.773493846,354,0.281323056031237,0.193126021248383,-0.39708275522328,66468.697373209,45630.2275481656,-93819.4468004271,583839.365891968,243.019421228326,-16153184.365438,-11089031.489272,22799947.6614015
GUF,-0.390148569244591,0.00368855312584315,0,0.01046078332586,0.933259227475757,0,,,0,1624.29979884242,21,-0.964076622031847,0.0258491186373664,,-1565.94946323501,41.9867182029281,,4013.72601792956,243.019421228326,380556.132228179,-10203.5879569524,
GUY,-0.25282275411255,0.00021770776134688,0,-0.21150587506167,0.00566633588599352,3,,,0,94979.628840297,116,-0.624737666549817,-0.522641592571141,,-59337.3516914548,-49640.3044789087,,234699.411845816,243.019421228326,14420128.865279,12063558.0640623,
HND,-0.279952579487821,1.26941803197104e-07,0,-0.479373075224086,1.35279542566589e-06,3,-0.552212597387143,0.00559972508269412,3,440447.429608421,298,-0.69177682154338,-1.18455483753248,-1.3645449387735,-304691.322911465,-521734.133421401,-601010.310867968,1088367.62093389,243.019421228326,74045908.9472373,126791527.139131,146057177.89939
HRV,-0.147131135171048,1.12218507611091e-07,0,-0.0720578353189496,0.0142553207740041,2,-0.247564695946846,1.26117568828478e-10,3,4451.22519274344,560,-0.363568391564418,-0.17805851396489,-0.611744741919453,-1618.32478381675,-792.578543142981,-2723.01360676021,10999.2000125287,75.0236867822874,121412.691693081,59462.1643711207,204290.519937484
HTI,0.14353110918677,0.272422277065163,0,0.259455207398288,0.0505798233092836,1,,,0,4429.75081955067,41,0.354672547355968,0.641126790241541,,1571.11100732222,2840.03192450835,,10946.1357626507,243.019421228326,-381810.487684899,-690182.914563989,
HUN,-0.0992182786245245,2.4846042376458e-05,0,-0.0210774779893282,0.51767206622063,0,,,0,430.48133923136,168,-0.245173327395131,-0.0520835019855295,,-105.542542320865,-22.4209756865899,,1063.74091330765,243.019421228326,25648.8875497827,5448.73253472945,
IDN,-0.00506038339989974,0.927441011327202,0,0.143523815280647,0.000466825668745942,3,0.184457688402213,3.6489022410728e-15,3,789466.440240787,502,-0.0125044604003223,0.354654523749242,0.455804170926289,-9871.85183937429,279987.844379606,359842.096268081,1950811.047157,41.2805118960875,407515.097291704,-11558041.5406722,-14854465.9357076
IND,0.026240919645806,0.7776787441514,0,0.304214443338694,2.96505675837162e-06,3,0.031420690518873,0.787983282657892,0,26845995.8907155,634,0.0648426244907689,0.751729100212079,0.0776420973066611,1740764.83062239,20180916.3352247,2084379.42524115,66337798.1457524,243.019421228326,-423039661.632478,-4904354607.64358,-506544681.542336
IRL,-0.113267161587399,2.63495373246544e-13,0,-0.0333682342801437,0.0163612960047095,2,,,0,2306.45433615235,106,-0.279888819640542,-0.0824545753179491,,-645.550781700492,-190.177712777684,,5699.36398734927,243.019421228326,156881.377342347,46216.8776897597,
IRN,-0.0211702274932082,0.848025003196939,0,-0.0763949629046126,0.514842527371373,0,-0.281955214197275,0.0386200522682825,2,208748.897066191,268,-0.0523126906470921,-0.188775773085443,-0.696725432042177,-10920.2164751453,-39406.7344244037,-145440.66549677,515828.962095411,243.019421228326,2653824.68747784,9576601.79231694,35344906.3520875
IRQ,0.0969132662104291,0.0251500952513219,0,0.018536199118841,0.798470568573677,0,-0.069528731388809,0.697702521243102,0,196243.208124096,102,0.239477526469281,0.045803874832612,-0.171808971698316,46995.8380679549,8988.69934166635,-33716.3437905797,484926.779435049,243.019421228326,-11420901.3674145,-2184428.51160719,8193726.35392195
ISL,0.693296642202211,0.000310084897132806,0,,,0,,,0,0,119,1.71317066771377,,,0,,,0,243.019421228326,0,,
ITA,-0.377436174075465,2.70423673287617e-07,0,0.229405478710926,2.89297612375148e-05,3,,,0,23202.9098648305,110,-0.932663657949178,0.566872408168634,,-21640.5107895979,13153.0893915962,,57335.5504214895,64.1984073798372,1389286.32757837,-844407.39106511,
JOR,-0.421702519459278,6.90984629610167e-05,0,-0.500908912102309,0.000422733866006406,3,0.297659817690955,0.00140607984283258,3,0,52,-1.04204801070985,-1.23777096725041,0.735532292505235,0,0,0,0,243.019421228326,0,0,0
JPN,-0.184930557691295,3.01535914186868e-13,0,0.0967039499123102,0.000163067512017652,3,0.071772634776539,0.0175891429605285,2,43241.0167616074,1811,-0.456972654583074,0.238960295430814,0.177353769164567,-19759.962216423,10332.8861400825,7668.95730517928,106850.71446877,243.019421228326,4802054.5813287,-2511092.00938104,-1863705.56572941
KAZ,-0.181405314488008,1.14582086803116e-12,0,-0.081435242258859,0.135891314612933,0,-0.222503343041644,0.277151793347669,0,5380209.2930413,174,-0.448261602365592,-0.201230555383754,-0.549816885823054,-2411741.23876095,-1082662.50411953,-2958129.91857622,13294766.1735697,243.019421228326,586099959.996171,263108015.136739,718883020.730589
KEN,-0.0528920543452965,5.98851424074234e-10,0,0.117786736569517,0.0517329506951301,1,0.0455657761135413,0.27556985132902,0,220007.570874379,300,-0.130698910889945,0.291056915400105,0.112595311065366,-28754.7499008237,64034.7249433667,24771.8208793363,543649.708009134,243.019421228326,6987962.67846344,-15561681.794252,-6020033.57286807
KGZ,-0.0804240967918878,3.68958269472197e-16,0,-0.114231157561669,0.125720193048022,0,-2.18666903372613,2.98293159148834e-165,3,16835.351235075,44,-0.198731964377594,-0.282270901892762,-5.40336851578896,-3345.72242193321,-4752.12977680603,-90967.6068158528,41600.994669432,243.019421228326,813075.526568842,1154859.8279613,22106895.1589145
KHM,-0.120622188384492,0.000118674721259921,0,-0.011607033568485,0.80057391928422,0,0.0145998216682284,0.941474506702122,0,7439134.63417815,202,-0.298063458607499,-0.0286815602994049,0.0360768893332758,-2217334.19810997,-213365.988585572,268380.836932584,18382473.6377859,243.019421228326,538855273.49446,51852079.0558753,-65221755.6601304
KOR,-0.257994656843514,0.00615834710360911,0,-0.138938579842351,0.183310306067054,0,,,0,472.597119388342,229,-0.637517696793165,-0.343324177719442,,-301.28902706354,-162.254017406579,,1167.81111186456,243.019421228326,73219.0849794271,39430.8774021176,
LAO,-0.10751308987983,0.000442923324350145,0,0.012144115719519,0.897746206715988,0,-0.274341059531999,0.0214629724651408,2,382721.643131309,142,-0.265670220747554,0.0300087171487174,-0.677910475156546,-101677.743415561,11484.9855354198,-259451.01094784,945724.316259621,243.019421228326,24709666.356652,-2791074.53763342,63051634.5176481
LBN,0.0323185092961601,0.813668594760432,0,0.0966997588154532,0.0708406654795453,1,,,0,0,30,0.0798606523962764,0.238949939020926,,0,0,,0,243.019421228326,0,0,
LBR,0.0151614002102553,0.796593557283394,0,-0.0384564162901275,0.682242201582886,0,-0.258853147066727,0.0120755856477704,2,12803.2819804485,66,0.0374645779895514,-0.0950277274737195,-0.639639069059235,479.66955627873,-1216.66679080724,-8189.47936687695,31637.5499377872,243.019421228326,-116569.017947705,295673.659329701,1990202.53589976
LKA,0.181538357239848,0.00406932157531163,0,0.0433736072002407,0.474136375041741,0,-0.245871569864323,0.0168399605625443,2,31271.2246849923,323,0.448590357657526,0.107178352072155,-0.607560942713234,14027.9698658296,3351.59832901556,-18999.1747494113,77272.7597578502,243.019421228326,-3409069.1178023,-814503.486107187,4617168.45141776
LTU,-0.092242344782212,2.33580203404515e-11,0,-0.0134969741803743,0.276772971183089,0,,,0,970.49529290576,48,-0.227935446074085,-0.0333516980484139,,-221.210277501274,-32.3676659663999,,2398.14239353478,243.019421228326,53758.393608117,7865.97144966629,
LVA,-0.0560491288904872,0.145180797265419,0,-0.0585186199783585,0.10906131554123,0,,,0,2632.02794385848,26,-0.138500199944838,-0.144602435897523,,-364.536396484801,-380.597652032285,,6503.8726506715,243.019421228326,88589.4240903961,92492.6211177457,
MAR,-0.103057313851057,5.95612039567297e-05,0,-0.005387438441983,0.951899787460679,0,-0.0358043973656678,0.822771496471894,0,4098.76065967114,54,-0.254659775391654,-0.0133126297620621,-0.0884744561104334,-1043.789468976,-54.5652831455072,-362.635620091245,10128.2425280804,243.019421228326,253661.11263477,13260.4235291809,88127.4985113496
MDG,0.28599607539044,0.0833436801861666,0,0.517442353551157,0.0011060689585268,3,,,0,3515111.38025399,22,0.706710602093547,1.27862592774259,,2484166.47996518,4494512.54969578,,8686015.97617663,243.019421228326,-603700700.195945,-1092253838.53052,
MEX,-0.0539158275715006,3.94438866544895e-05,0,-0.1379044605111,0.094557261090253,1,0.196715694568179,0.00386614190750121,3,1917788.24193233,2457,-0.133228705720557,-0.340768817145952,0.486094317062699,-255504.445318746,-653522.430739696,932225.96573297,4738950.63522688,243.019421228326,62092542.4226261,158818642.87809,-226549014.646444
MLI,-0.0387971336765684,0.280484954567275,0,-0.672709906493609,7.67536581644834e-13,3,,,0,7313003.12215588,50,-0.0958696571714844,-1.66229981444103,,-701095.102215079,-12156403.7329664,,18070796.3650033,243.019421228326,170379725.966323,2954242199.40336,
MMR,-0.163380127569739,5.75439882751728e-05,0,-0.222308433275946,0.0268973038566265,2,-0.805485529747723,0.0951289232313634,1,3400802.51380546,63,-0.403720464231204,-0.549335254046527,-1.99039501828311,-1372973.56963218,-1868180.71288339,-6768940.38164307,8403553.05173898,243.019421228326,333659242.253802,454004195.594843,1644983973.87594
MNG,0.027011577011007,0.781034419239803,0,,,0,,,0,40200.3908360936,327,0.0667469573730489,,,2683.25377351664,,,99337.1757755292,243.019421228326,-652082.779048737,,
MOZ,-0.0683182557549662,0.240185688121807,0,0.115405580295863,0.200100703886135,0,,,0,51059194.7769781,129,-0.168817825883309,0.285172959190092,,-8619702.25360186,14560701.6684141,,126169823.253652,243.019421228326,2094755052.83082,-3538533292.13632,
MRT,0.314167985924042,1.21936429032652e-27,0,0.370470203336948,5.33906272901605e-07,3,,,0,40301.4191843297,44,0.776324801617604,0.915450395955765,,31286.9912531826,36893.9501498739,,99586.8218754378,243.019421228326,-7603346.50632415,-8965946.41224907,
MWI,-0.145169477883744,0.118865495196804,0,-0.157798632273258,0.145886145427181,0,0.0040896890923128,0.984335559381947,0,912159.310065796,256,-0.358721038324626,-0.389928310278835,0.0101058262315596,-327210.734824277,-355676.738479064,9218.12348302418,2253991.26313809,243.019421228326,79518563.396691,86436355.1295608,-2240183.03365578
MYS,-0.0388388273262092,0.404446448732925,0,-0.0926836320081401,0.1761026112869,0,,,0,19468.9050462015,144,-0.0959726842644292,-0.229025888873715,,-1868.48307697325,-4458.88328360424,,48108.6378144162,243.019421228326,454077.67594096,1083595.23490616,
NAM,0.350581660864125,0.000168567743181699,0,0.194338816979101,0.119188832721841,0,0.052059368224945,0.699812661077564,0,4106824.69439416,107,0.866304813078296,0.480220933696208,0.12864130185225,3557761.99922246,1972183.1892686,528307.275165834,10148169.1610827,243.019421228326,-864605261.919175,-479278817.21229,-128388928.241515
NCL,-0.144847996181411,0.00525574057960455,0,,,0,,,0,2247.64214136766,35,-0.357926640964076,,,-804.49100174903,,,5554.03611342656,243.019421228326,195506.937628445,,
NER,0.2397922471196,3.08211946585642e-08,0,0.278885284376971,0.00988520326353488,3,,,0,978534.561796314,36,0.592538632244888,0.689139481959714,,579819.530851138,674346.800995988,,2418007.82892678,243.019421228326,-140907406.804323,-163879369.285218,
NGA,0.360613870156404,1.22867759476697e-24,0,0.131937080237394,0.0301871007857726,2,0.000418001973991999,0.99620695276705,0,9391231.21420934,775,0.891094903849982,0.326023122120612,0.00103290377783293,8368478.27585883,3061758.52101308,9700.23819965937,23206201.891872,243.019421228326,-2033702747.16103,-744066783.717495,-2357346.27305812
NIC,-0.515372853801536,0.007734906398697,0,-0.349305075359844,0.077972533110283,1,-0.754271799957409,0.00220126774158291,3,297002.346458379,139,-1.27351209038629,-0.863150306467943,-1.86384333128476,-378236.079087842,-256357.666367248,-553565.842822374,733907.648215978,243.019421228326,91918713.0275988,62299891.7080129,134527250.734464
NLD,-0.0956779096665754,2.37838752026905e-22,0,,,0,,,0,0,355,-0.236424898681591,,,0,,,0,243.019421228326,0,,
NOR,-0.0829314240683897,8.3308983553425e-292,0,0.000296037968645399,0.815349512466233,0,,,0,820.749271412897,438,-0.204927695444194,0.000731524622421213,,-168.194256728147,0.600398300872806,,2028.11248712484,243.019421228326,40874.4709240027,-145.90844758458,
NPL,-0.34222019547565,0.0018022568063472,0,-0.123758711096885,0.128495239437306,0,,,0,137733.537524111,14,-0.845643214030105,-0.305813963055958,,-116473.431351625,-42120.8389559648,,340346.457898954,243.019421228326,28305305.8755491,10236181.9047301,
NZL,-0.113396550430273,0.209222559645454,0,,,0,,,0,559.169240246964,75,-0.280208545940726,,,-156.683999744382,,,1381.73515111226,124.974748330728,19581.543435506,,
OMN,-0.109619321467721,0.632281843620536,0,-0.559561856399957,3.32075647125795e-05,3,,,0,0,49,-0.270874824312812,-1.38270532525711,,0,0,,0,243.019421228326,0,0,
PAK,0.422255694113764,4.70464079944485e-06,0,0.569372091926736,1.65203858621853e-51,3,-0.177605848561099,0.146599459136129,0,739763.665885916,30,1.04341493293982,1.40694690775556,-0.438872932086904,771880.455831666,1040808.20218811,-324662.249098709,1827993.00658739,243.019421228326,-187581941.633668,-252936606.905449,78899231.8706548
PAN,-0.149476513433021,1.44683140591888e-05,0,-0.127263513018403,0.0249598724346383,2,-0.430556232925409,0.00967576746878389,3,23149.8634906818,79,-0.369363938518667,-0.314474503844125,-1.06392597937033,-8550.72475508773,-7280.04183529138,-24629.7411866132,57204.4701786494,243.019421228326,2077992.18106414,1769191.55333051,5985505.4481742
PER,-0.0617197762042161,0.00218839253554327,0,-0.0722618077490736,0.000329139827525114,3,,,0,84028.4392733012,195,-0.152512652989428,-0.178562540038348,,-12815.4002001322,-15004.3315520988,,207638.474866291,38.742235784119,496497.256221369,581301.350774507,
PHL,-0.0351148973692467,0.0398418134933567,0,-0.0788051760499656,0.0686448148430743,1,0.0211648882373593,0.751847843187178,0,109085.426562304,1647,-0.0867706671442771,-0.194731530278267,0.0522994970789267,-9465.41523852917,-21242.372045535,5705.1129478487,269555.543306781,243.019421228326,2300279.73295314,5162308.9600227,-1386453.24662842
PNG,-0.143550961152488,0.0183082955701729,0,0.13186573322743,0.025700001441227,2,,,0,437243.481616143,87,-0.354721602555855,0.325846820091641,,-155099.70850598,142474.398090418,,1080450.50524757,243.019421228326,37692241.3938053,-34624045.7637875,
POL,-0.0630548122956914,3.70627802146742e-05,0,-0.0397979210253253,0.0316020916603543,2,,,0,4289.65040120093,380,-0.155811593923268,-0.0983426527496301,,-668.377266384703,-421.855599822614,,10599.9406238875,243.019421228326,162428.656438981,102519.10371082,
PRK,-0.118337436808815,4.72538477769173e-05,0,-0.203867009011283,3.30522017449685e-08,3,-0.230082750951657,0.0251096816355795,2,61135.3409751018,186,-0.292417723226422,-0.503765572617332,-0.568545981739092,-17877.0572166103,-30797.8800534779,-34758.2524536434,151068.484316525,243.019421228326,4344472.0980463,7484482.98565562,8446930.39419245
PRT,-0.0954008691478456,2.65031288513663e-37,0,-0.00767706521038609,0.5578784479745,0,,,0,130662.109176421,308,-0.235740317707784,-0.0189704119881246,,-30802.3271296187,-2478.71404231402,,322872.604880396,395.608158690021,12185651.9191161,980599.498198949,
PRY,-0.19968981953203,2.76584942824237e-14,0,-0.316547119601754,4.9116110352715e-08,3,0.157990228612175,0.0263318208238934,2,1941731.5727943,218,-0.493443528554623,-0.782203759891914,0.390401754412114,-958134.878785538,-1518829.73694054,758055.412616289,4798115.80295336,0.435987493469145,417734.82420707,662190.770015109,-330502.679257294
PSE,-0.25347435806618,0.0320130951610997,0,-0.117003193534824,0.501249297576434,0,,,0,0,16,-0.626347812499434,-0.289120741384227,,0,0,,0,243.019421228326,0,0,
REU,-0.115126163962094,0.16830155490419,0,,,0,,,0,0,24,-0.284482507458532,,,0,,,0,243.019421228326,0,,
ROU,-0.0424568307379915,0.141554289007128,0,-0.153018599826421,0.000210280532831943,3,-0.298716166785547,1.08816166025579e-27,3,109410.403194099,2939,-0.104912951595114,-0.378116611101077,-0.738142583935427,-11478.5683343044,-41369.890874955,-80760.4777231088,270358.576812777,243.019421228326,2789515.03313244,10053686.9367106,19626364.554393
RUS,-0.0854095111091302,2.57859110572004e-17,0,-0.0493837748256788,0.139519505946204,0,-0.0188660075188812,0.435991872506096,0,18714304.3784388,2445,-0.211051172426216,-0.122029776782994,-0.0466188478795314,-3949675.88021057,-2283702.38594988,-872439.308989685,46243981.8343411,3.45487065810711,13645619.3075729,7889896.36506745,3014164.96960771
RWA,-0.0183283136831476,0.388960879382622,0,0.115289462395392,0.0348807724844744,2,,,0,65883.9295743818,30,-0.0452901795267419,0.284886026052134,,-2983.89499835097,18769.4108771443,,162802.484174776,243.019421228326,725144.43550535,-4561331.36816025,
SAU,-0.00219607756445255,0.972770273027812,0,-0.0071024343526248,0.851384948471504,0,0.0401687161577465,1,0,5274.47167949867,147,-0.00542661746564047,-0.0175504704070535,0.0992589060615995,-28.6225401379935,-92.5694591238832,523.538288959926,13033.4832436252,243.019421228326,6955.83313841972,22496.1763797053,-127229.971973909
SDN,0.093776484424422,0.233779611015283,0,-0.456931038652331,0.000101607053172354,3,0.0050945524978404,1,0,21356104.6325365,80,0.231726381836968,-1.12909944306184,0.0125888939497885,4948772.85662938,-24113165.8465673,268849.736399589,52772002.3522292,243.019421228326,-1202647915.40852,5859967608.01544,-65335707.3372161
SEN,0.267936824849907,0.0104605382476562,0,-0.655495395057133,5.29649373489456e-09,3,-0.209054232157687,0.229134814516807,0,5385817.22111617,45,0.662085291045363,-1.61976189595593,-0.516583460373252,3565870.36235983,-8723741.51334723,-2782224.09702205,13308623.6442391,243.019421228326,-866575751.635927,2120038613.51917,676134489.7858
SLB,-0.0681541379747953,1.36268612032324e-05,0,,,0,,,0,0,183,-0.168412282642618,,,0,,,0,243.019421228326,0,,
SLE,-0.305637714398575,0.0221149932507278,0,-0.486511625321921,2.11532926595301e-05,3,,,0,762804.923983449,14,-0.755246074164599,-1.20219455175173,,-576105.424191925,-917039.923662297,,1884929.1074093,243.019421228326,140004806.753621,222858511.49168,
SLV,-0.193152958196508,0.000293358502756717,0,-0.088146621586118,0.181090337817512,0,,,0,27223.6849122373,266,-0.477290617351481,-0.217814709270377,,-12993.609378344,-5929.71901442732,,67271.0866023841,243.019421228326,3157699.4307921,1441036.88293273,
SOM,0.0217516757678137,0.787862980483115,0,0.0916861861622552,0.264929484575344,0,,,0,619.780096814676,74,0.053749478406056,0.226561150316241,,33.3128569302438,140.418091677444,,1531.50760823391,243.019421228326,-8095.67121064987,-34124.3233694385,
SRB,-0.0173460251404759,0.61294970108763,0,0.144173687227398,0.090861553088623,1,-0.098330816354836,0.273373777432921,0,81001.0960641733,161,-0.042862895423373,0.356260389823262,-0.242980363753618,-3471.94150977725,28857.4820599338,-19681.6757861145,200157.758429375,243.019421228326,843749.216244668,-7012928.58831192,4783029.45834512
SSD,0.0258930713388278,0.835439885775038,0,0.051877877327302,0.334282631158167,0,,,0,196700896.271445,45,0.0639830739318104,0.12819282876963,,12585527.9885892,25215644.314558,,486057749.731554,243.019421228326,-3058527727.63986,-6127891287.22322,
SUR,-0.311570289866147,0.000452259071541384,0,-0.1227568330868,0.171792356872395,0,-0.205587878170178,0.0666013577125703,1,18486.997601105,62,-0.769905764773743,-0.303338272399137,-0.508017926352418,-14233.2460264491,-5607.81391416618,-9391.72618579548,45682.2954222105,243.019421228326,3458955.21154803,1362807.69177682,2282371.86200693
SVK,-0.15945923381494,0.0301408018092502,0,0.055860903143892,0.469142351016492,0,,,0,172.259795053113,79,-0.394031739718408,0.138035084713714,,-67.8758267283142,23.7778954029235,,425.662566565994,243.019421228326,16495.1441269091,-5778.49037884614,
SVN,-0.0728531285707188,7.6275423826083e-14,0,0.00242323110178461,0.851644394740588,0,,,0,172.159020704222,192,-0.180023723354675,0.00598792521406485,,-30.9927079162685,1.03087534090352,,425.413548111167,243.019421228326,7531.82994011014,-250.522728704927,
SWE,-0.0813961707688848,3.43859105666392e-92,0,0.0027832218114241,0.316663607943413,0,0.0081672088118262,0.249020526760104,0,18009.4329087561,290,-0.201134007778453,0.00687748025711952,0.0201815813344631,-3622.30941875527,123.859519271888,363.458835035617,44502.2091891817,778.309541747449,2819277.98377888,-96401.0456855627,-282883.479340633
SWZ,-0.0329127101753741,0.543163654986635,0,0.0141629888816705,0.882633082636525,0,,,0,76556.7329004311,55,-0.0813289524788582,0.0349974536760519,,-6226.2788919958,2679.29071327272,,189175.51483361,243.019421228326,1513106.69273896,-651119.678441964,
SYR,0.0041909746940109,0.936129525917693,0,-0.0784964113642715,0.337315384598854,0,-0.446206135427657,0.0321011554900645,2,15329.1772000827,60,0.0103561080176356,-0.193968557301683,-1.10259767094851,158.750614905534,-2973.3783861219,-16901.9150783683,37879.1633202645,243.019421228326,-38579.4825539838,722588.694488159,4107493.61999537
TCD,-0.0514366041432263,0.330538854801319,0,-0.0155754439061449,0.84763306740522,0,,,0,12552795.0095597,55,-0.127102420668119,-0.0384877006642793,,-1595490.63186572,-483128.216827991,,31018584.1083724,243.019421228326,387735209.931224,117409539.632612,
TGO,-0.0312303904297358,0.421327278382955,0,0.0331679127044642,0.53567498699166,0,0.261725785412023,0.0905351981802978,1,1286356.57202932,40,-0.0771718562713987,0.0819595706883663,0.64673750204238,-99270.5244904161,105429.232395682,831935.036130044,3178651.40731306,243.019421228326,24124665.4066933,-25621351.0373453,-202176370.97989
THA,-0.180368866051085,1.52772097851479e-05,0,-0.229463009520663,0.000610008314611695,3,-0.274781985871119,0.00128749854037693,3,1857477.9254506,928,-0.445700486455534,-0.567014569676034,-0.679000026186828,-827878.814953749,-1053217.0465821,-1261227.56002241,4589920.82768471,243.019421228326,201190630.457252,255952197.08819,306502791.673861
TJK,-0.0347657301601332,0.423008053517015,0,-0.0899871011717569,0.0611181726254423,1,,,0,365.067134534645,59,-0.0859078575121971,-0.22236262635047,,-31.3621353759884,-81.177286829364,,902.099142791835,243.019421228326,7621.60798755711,19727.6572621579,
TKM,-0.078840234065125,0.0466463228100699,0,-0.078752774738068,0.25246415694784,0,-0.155846854491521,0.0267103734352811,2,37508.5078227868,58,-0.194818160386627,-0.194602044016503,-0.385105369791272,-7307.33849288273,-7299.2322903233,-14444.7277754131,92685.3982554973,243.019421228326,1775825.17125983,1773855.20660548,3510349.38378162
TLS,-0.118990853041087,0.00221103889260991,0,,,0,,,0,5557.91122973489,62,-0.294032347407178,,,-1634.20568555967,,,13733.8765442364,243.019421228326,397143.71987275,,
TUN,-0.0794560838523711,0.000986554236732904,0,0.0543825257951132,0.324850452035235,0,0.0245916231328405,0.82873683379515,0,1696.07257697509,268,-0.196339956003402,0.134381940366014,0.0607671303424055,-333.006815141865,227.921523895499,103.065463355225,4191.08014133429,243.019421228326,80927.1234808642,-55389.3568225622,-25046.909253216
TUR,0.24352856266509,7.7159158750699e-08,0,-0.247204097128828,3.58478171407394e-05,3,-0.319392178784375,1.00212661725655e-05,3,452614.631657738,929,0.601771254773571,-0.61085368421019,-0.789234043385131,272370.474821555,-276481.315275567,-357218.875838508,1118433.38555785,8.12499283610897,-2213008.15669273,2246408.70593197,2902400.80711078
TWN,-0.240297004882255,9.46764148759262e-11,0,0.132321404215672,0.00036874199498306,3,,,0,0,22,-0.593785913914296,0.326972805887136,,0,0,,0,243.019421228326,0,0,
TZA,0.220065889985177,0.00763712404957759,0,0.107577048399821,0.194864035199228,0,0.205412720363062,0.24501591664385,0,13187227.4834272,186,0.543793817447872,0.265828265448378,0.507585102653145,7171132.77476639,3505537.80799265,6693640.2158858,32586298.4729229,243.019421228326,-1742724536.47521,-851913769.192388,-1626684571.17521
UGA,-0.0922738952045193,0.000492991831652167,0,0.131731564289581,0.0345903374045557,2,0.028260317676337,0.837017443485142,0,4466399.95307238,166,-0.228013408745127,0.325515281937768,0.0698326579941126,-1018399.07811911,1453881.43997119,311900.580387824,11036697.6040395,243.019421228326,247490754.543967,-353321426.076404,-75797898.526628
UKR,-0.0176253336533348,0.463201061314862,0,0.154273344684728,0.00214522132346566,3,,,0,1692563.42907985,629,-0.043553080724073,0.381217148383198,,-73716.3516573285,645234.203891508,,4182408.86142776,2.98955415437544,220379.025342567,-1928962.59478899,
URY,-0.14502088623733,1.8521599006896e-08,0,-0.0609585610026009,0.305432852676454,0,0.0794843786438106,0.572531795515526,0,18515.0649067233,141,-0.358353860936754,-0.150631652165477,0.196409873847788,-6634.94499481889,-2788.95481685077,3636.54156261313,45751.6511377586,243.019421228326,1612420.49252267,677770.185423027,-883750.225818995
USA,-0.0551002561142501,0.262117341601016,0,0.0218422193446176,0.697039230062438,0,-0.0839165566948069,0.301686728083925,0,5928165.97608646,3148,-0.136155487871118,0.0539732161115173,-0.207362007420703,-807152.330655013,319962.183372259,-1229276.3971244,14648794.5352085,585.416056104385,472519934.08752,-187310999.492336,719638140.266772
UZB,-0.047610449638237,0.00352864801176079,0,-6.03324708359984e-05,0.999023242078434,0,-0.116263761836978,0.163307518245794,0,93953.1820154784,161,-0.117647801578566,-0.000149084552059294,-0.287293568687265,-11053.3853154319,-14.0069680553229,-26992.1449507509,232163.010419348,243.019421228326,2686187.30196993,3403.96526996822,6559615.44364257
VEN,0.0564396264339717,0.464958202176495,0,0.093890433347635,0.257022888429464,0,0.0158555040973454,0.916731888037563,0,3914598.92494959,338,0.139465138899666,0.232007955323673,0.0391797433997454,545950.082804577,908218.092489804,153372.981392444,9673169.67349668,243.019421228326,-132676473.142725,-220714635.185966,-37272613.1700546
VIR,-0.0984647998716888,9.34689494693612e-05,0,-0.00269299776698199,0.923995419904223,0,,,0,0,20,-0.243311443722937,-0.00665453213210086,,0,0,,0,243.019421228326,0,0,
VNM,-0.138134547551068,0.0142120780907504,0,-0.178882739870664,0.00744440264327906,3,-0.190152338285799,0.000320656361174033,3,3668511.76562265,710,-0.341337373726067,-0.442028194357405,-0.469875935521124,-1252200.17156081,-1621585.63173708,-1723745.3978422,9065075.99844185,243.019421228326,304308960.954719,394076801.696914,418903608.928601
VUT,-0.0862785332724915,3.46917890457041e-11,0,,,0,,,0,0,63,-0.21319856964299,,,0,,,0,243.019421228326,0,,
WSM,-0.0740724320838983,2.79405879124305e-07,0,,,0,,,0,0,43,-0.183036683300917,,,0,,,0,243.019421228326,0,,
XKO,-0.0984749088824684,0.00434023877681304,0,-0.404313925755408,0.00176588980312341,3,,,0,1935.22520769833,30,-0.243336423594024,-0.999079926237901,,-470.910780890314,-1933.44465776098,,4782.03824948297,243.019421228326,114440.465422143,469864.601706072,
YEM,-0.0855418296174406,3.6831191843841e-15,0,-0.0044591226695023,0.680740077904486,0,0.0208391103441407,0.7333325793414,0,0,332,-0.211378138076177,-0.0110187150724737,0.0514944836158889,0,0,0,0,243.019421228326,0,0,0
Z01,-0.264726171961916,0.0940393440062769,0,-0.884886772145504,2.86642270138189e-29,3,,,0,63269.8953950778,22,-0.654151607226493,-2.18659945831015,,-41388.1037617422,-138345.918998217,,156343.075016007,243.019421228326,10058113.0219165,33620745.1642475,
Z07,-0.306497550806359,0.0777302119945279,0,,,0,,,0,1135.99358024943,14,-0.757370772920053,,,-860.368335905729,,,2807.09693647535,243.019421228326,209086.215034988,,
ZAF,0.080525484573722,0.102355798110768,0,0.0678642497108659,0.314948386564227,0,0.113281208116109,0.819116091353136,0,3759581.40147801,52,0.198982498655896,0.167695954248035,0.27992352931531,748090.901166329,630466.59069402,1052395.29464993,9290113.62212224,7.32758160416037,-5481697.12562615,-4619795.39200721,-7711512.40138173
ZMB,0.191065519648526,0.0917017735461214,0,-0.136039680772915,0.394826117676719,0,,,0,65142367.2010548,115,0.47213245232749,-0.336160853173912,,30755825.5770519,-21898313.7360748,,160970046.472166,243.019421228326,-7474262931.13449,5321715530.01721,
ZWE,0.240159446656483,2.36447011744417e-09,0,-0.335358739209314,0.0043731568236602,3,0.10084543181262,0.463230485378824,0,3723984.91453037,91,0.593446000660502,-0.828688212523175,0.249194104280574,2209983.95404809,-3086022.40228544,927995.085130763,9202152.92305026,243.019421228326,-537069021.436654,749963378.101056,-225520828.491209
