service,sheet_label,sheet_subgroup,gep_base_year,gep_price_convention,gep_quantity_input_path,gep_price_input_path,gep_attribution_input_path,gep_lulc_input_path
terrestrial_carbon,global_climate_regulation,terrestrial,2019,rental scc r2%,global_invest/terrestrial_carbon/carbon_zones_rasterized.tif,global_invest/terrestrial_carbon/carbon_prices.xlsx,,lulc/esa/lulc_esa_2019.tif
coastal_carbon,global_climate_regulation,coastal,2019,rental scc r2%,,global_invest/coastal_carbon/carbon_prices.xlsx,,
pollination,,,2023,,global_invest/pollination/poll_value_global_2023usd.tif,,,
renewable_energy_provision,,,,,global_invest/renewable_energy_provision/IRENA_prod_by_country.csv,global_invest/renewable_energy_provision/WB_price_data.csv,global_invest/renewable_energy_provision/CWON_resource_rent_data.csv,
extractive_materials_provision,,,,,global_invest/extractive_materials_provision/API_NY.GDP.MKTP.CD_DS2_en_csv_v2_130122.csv,,global_invest/extractive_materials_provision/API_NY.GDP.MINR.RT.ZS_DS2_en_csv_v2_6559.csv,
coastal_protection,,,,,global_invest/coastal_protection/data_mangroves_2019.xlsx,,,
crop_provision,,,,,,,,
livestock_provision,,,,,,,,
fisheries,,,,,,,,
erosion,,,,,,,,
landslide_mitigation,,,,,,,,
