iso3_r250_id,iso3_r250_label,iso3_r250_name,forestry_gep
380,ITA,Italy,627067776
528,NLD,Netherlands,11831029
732,ESH,Western Sahara,
192,CUB,Cuba,39785000
504,MAR,Morocco,29784328
376,ISR,Israel,110621.2578
716,ZWE,Zimbabwe,241225520
540,NCL,New Caledonia,4467641.5
663,MAF,Saint-Martin,
352,ISL,Iceland,
446,MAC,"China, Macao Special Administrative Region",
634,QAT,Qatar,
703,SVK,Slovakia,41498452
410,KOR,South Korea,132478336
414,KWT,Kuwait,
705,SVN,Slovenia,28174420
764,THA,Thailand,1273782016
704,VNM,Vietnam,2164890624
512,OMN,Oman,
175,MYT,Mayotte,
458,MYS,Malaysia,1400088704
96,BRN,Brunei,1638950.875
674,SMR,San Marino,4731.729004
226,GNQ,Equatorial Guinea,18626014
686,SEN,Senegal,9536915
862,VEN,Venezuela,105059024
52,BRB,Barbados,
76,BRA,Brazil,4897468416
768,TGO,Togo,24059866
616,POL,Poland,188461392
740,SUR,Suriname,1648150.625
238,FLK,Falkland Islands,
24,AGO,Angola,1278575232
834,TZA,Tanzania,834402560
368,IRQ,Iraq,1533255.625
804,UKR,Ukraine,160513920
584,MHL,Marshall Islands,
232,ERI,Eritrea,231647.9219
776,TON,Tonga,14821.2168
364,IRN,Iran,3606248.25
166,CCK,Cocos Islands,
520,NRU,Nauru,
548,VUT,Vanuatu,505090
70,BIH,Bosnia and Herzegovina,53568188
624,GNB,Guinea-Bissau,11289222
372,IRL,Ireland,50557584
158,TWN,Taiwan,
268,GEO,Georgia,28756690
214,DOM,Dominican Republic,27898992
729,SDN,Sudan,13029648
894,ZMB,Zambia,573419392
598,PNG,Papua New Guinea,109206712
222,SLV,El Salvador,14043526
840,USA,United States,18121365504
659,KNA,Saint Kitts and Nevis,
554,NZL,New Zealand,402211264
428,LVA,Latvia,30268808
583,FSM,Micronesia,
678,STP,São Tomé and Príncipe,78230.9375
328,GUY,Guyana,3500650.5
570,NIU,Niue,
508,MOZ,Mozambique,725430592
516,NAM,Namibia,12290472
858,URY,Uruguay,452365.4063
404,KEN,Kenya,154592672
316,GUM,Guam,
442,LUX,Luxembourg,61768
90,SLB,Solomon Islands,5002597.5
4,AFG,Afghanistan,2499461.75
44,BHS,Bahamas,5257842.5
48,BHR,Bahrain,
254,GUF,French Guiana,656801.875
694,SLE,Sierra Leone,39154212
270,GMB,Gambia,1428998.625
604,PER,Peru,124400720
670,VCT,Saint Vincent and the Grenadines,
20,AND,Andorra,18721.72656
558,NIC,Nicaragua,32987520
208,DNK,Denmark,32667102
188,CRI,Costa Rica,12961267
454,MWI,Malawi,43606132
312,GLP,Guadeloupe,
124,CAN,Canada,1285444096
242,FJI,Fiji,7118267
818,EGY,Egypt,
792,TUR,Turkey,280266656
860,UZB,Uzbekistan,96289.11719
384,CIV,Côte d'lvoire,62598788
320,GTM,Guatemala,26472548
234,FRO,Faroe Islands,
798,TUV,Tuvalu,
140,CAF,Central African Republic,329492544
276,DEU,Germany,620223168
100,BGR,Bulgaria,21886788
580,MNP,Northern Mariana Islands,
40,AUT,Austria,209795952
36,AUS,Australia,1255718528
788,TUN,Tunisia,5946016
340,HND,Honduras,66394992
68,BOL,Bolivia,36904176
50,BGD,Bangladesh,17511216
440,LTU,Lithuania,41657056
585,PLW,Palau,6890.288574
250,FRA,France,787938304
728,SSD,South Sudan,74761472
524,NPL,Nepal,163947536
484,MEX,Mexico,459589120
246,FIN,Finland,1109760000
496,MNG,Mongolia,57716820
388,JAM,Jamaica,
499,MNE,Montenegro,18195720
212,DMA,Dominica,
626,TLS,Timor-Leste,27875716
744,SJM,Svalbard and Jan Mayen,
86,IOT,British Indian Ocean Territory,
780,TTO,Trinidad and Tobago,
334,HMD,Heard Island and McDonald Island,
682,SAU,Saudi Arabia,
348,HUN,Hungary,23967582
104,MMR,Myanmar,867297856
132,CPV,Cabo Verde,
156,CHN,China,29079203840
826,GBR,United Kingdom,73509344
152,CHL,Chile,1714302976
876,WLF,Wallis and Futuna,
72,BWA,Botswana,198885.3438
426,LSO,Lesotho,530416
578,NOR,Norway,367364160
74,BVT,Bouvet Island,
612,PCN,Pitcairn Islands,
336,VAT,Vatican City,
756,CHE,Switzerland,69878760
8,ALB,Albania,16505806
566,NGA,Nigeria,329295552
642,ROU,Romania,152645456
144,LKA,Sri Lanka,14349564
688,SRB,Serbia,62746000
480,MUS,Mauritius,5299337
462,MDV,Maldives,
854,BFA,Burkina Faso,18735510
850,VIR,"Virgin Islands, U.S.",
248,ALA,Åland,
535,BES,"Bonaire, Sint Eustatius and Saba",
796,TCA,Turks and Caicos Islands,
28,ATG,Antigua and Barbuda,
260,ATF,French Southern Territories,
304,GRL,Greenland,
60,BMU,Bermuda,
275,PSE,Palestine,725044.5625
148,TCD,Chad,34040712
392,JPN,Japan,391449664
56,BEL,Belgium,18817694
795,TKM,Turkmenistan,383.9385986
800,UGA,Uganda,140324384
10,ATA,Antarctica,
450,MDG,Madagascar,559126976
772,TKL,Tokelau,
710,ZAF,South Africa,747080896
356,IND,India,775371136
308,GRD,Grenada,
204,BEN,Benin,49536612
300,GRC,Greece,48698636
498,MDA,Moldova,5474246
470,MLT,Malta,
760,SYR,Syria,8502271
474,MTQ,Martinique,
600,PRY,Paraguay,162987696
882,WSM,Samoa,
203,CZE,Czechia,57690384
466,MLI,Mali,20914082
574,NFK,Norfolk Island,
174,COM,Comoros,891579.125
170,COL,Colombia,216278928
398,KAZ,Kazakhstan,26155716
184,COK,Cook Islands,
332,HTI,Haiti,5347817
620,PRT,Portugal,292395456
654,SHN,"Saint Helena, Ascension and Tris",
16,ASM,American Samoa,
180,COD,Democratic Republic of the Congo,1723502848
266,GAB,Gabon,157295488
646,RWA,Rwanda,5852317
196,CYP,Cyprus,
533,ABW,Aruba,
324,GIN,Guinea,128155552
408,PRK,North Korea,105771000
690,SYC,Seychelles,
84,BLZ,Belize,14555620
492,MCO,Monaco,
833,IMN,Isle of Man,
136,CYM,Cayman Islands,
178,COG,Republic of the Congo,143590560
630,PRI,Puerto Rico,
666,SPM,Saint Pierre and Miquelon,
292,GIB,Gibraltar,
112,BLR,Belarus,226949824
296,KIR,Kiribati,
762,TJK,Tajikistan,359101.5313
400,JOR,Jordan,410.8574219
108,BDI,Burundi,5765437
562,NER,Niger,47619.12891
662,LCA,Saint Lucia,
344,HKG,"China, Hong Kong Special Administrative Region",15647.82129
586,PAK,Pakistan,30047500
638,REU,Réunion,
534,SXM,Sint Maarten,
438,LIE,Liechtenstein,44877.79297
591,PAN,Panama,20690968
239,SGS,South Georgia and the South Sand,
652,BLM,Saint Barthélemy,
500,MSR,Montserrat,
51,ARM,Armenia,5464615.5
434,LBY,Libya,
64,BTN,Bhutan,29347138
422,LBN,Lebanon,2182719.5
807,MKD,North Macedonia,8388455
702,SGP,Singapore,
32,ARG,Argentina,347203840
262,DJI,Djibouti,
643,RUS,Russia,2072383488
706,SOM,Somalia,1050584.875
360,IDN,Indonesia,1040352640
784,ARE,United Arab Emirates,
430,LBR,Liberia,66988656
162,CXR,Christmas Island,
288,GHA,Ghana,109323840
116,KHM,Cambodia,307728800
218,ECU,Ecuador,77706424
231,ETH,Ethiopia,636145152
191,HRV,Croatia,41818200
748,SWZ,Swaziland,104578672
383,XKX,Serbia,275397.7813
887,YEM,Yemen,3.182756901
581,UMI,United States Minor Outlying Isl,
831,GGY,Guernsey,
92,VGB,British Virgin Islands,
31,AZE,Azerbaijan,13147851
478,MRT,Mauritania,4171.181641
120,CMR,Cameroon,212254832
258,PYF,French Polynesia,
752,SWE,Sweden,1758553088
660,AIA,Anguilla,
531,CUW,Curaçao,
12,DZA,Algeria,25807696
608,PHL,Philippines,316703104
832,JEY,Jersey,
418,LAO,Laos,569432960
724,ESP,Spain,940765760
417,KGZ,Kyrgyzstan,3918741
233,EST,Estonia,11101114
